"names","type","hosts","symbionts","specialists","generalists","sigma_s","sigma_g","eta_g","eta_bar","modularity","modularity_generalists","nestedness","nestedness_generalists","connectance","connectance_generalists","host_sharing","z","prop_s","ratio_s"
"A_HP_001","Host-Parasite",10,18,5,13,0.5,5.6,4.30769230769231,3.38888888888889,0.232867508734211,0.223692602040816,67.3049943883277,64.7793263646922,0.338888888888889,0.430769230769231,1.58169934640523,NA,0.277777777777778,0.384615384615385
"A_HP_002","Host-Parasite",18,24,8,16,0.444444444444444,4.88888888888889,5.5,4,0.168836805555556,0.211002066115702,38.6331009058282,52.4898820797258,0.222222222222222,0.323529411764706,0.981884057971014,NA,0.333333333333333,0.5
"A_HP_003","Host-Parasite",23,9,1,8,0.0434782608695652,4.65217391304348,13.375,12,0.0183470507544582,0,74.3104347142104,82.9178209745436,0.521739130434783,0.607954545454545,7.30555555555555,NA,0.111111111111111,0.125
"A_HP_004","Host-Parasite",6,21,3,18,0.5,8.16666666666667,2.72222222222222,2.47619047619048,0.227995562130177,0.202623906705539,56.2455026455026,56.7806018112767,0.412698412698413,0.544444444444444,1.52857142857143,NA,0.142857142857143,0.166666666666667
"A_HP_005","Host-Parasite",7,13,0,13,NA,7.28571428571429,3.92307692307692,3.92307692307692,0.0288350634371396,0.0288350634371396,74.8051948051948,74.8051948051948,0.56043956043956,0.56043956043956,3.1025641025641,NA,0,0
"A_HP_006","Host-Parasite",16,37,9,28,0.5625,7.125,4.07142857142857,3.32432432432432,0.234318196840505,0.276546629732225,35.6404579305343,37.8440501934478,0.20777027027027,0.254464285714286,0.953453453453453,NA,0.243243243243243,0.321428571428571
"A_HP_007","Host-Parasite",8,17,5,12,0.625,4.75,3.16666666666667,2.52941176470588,0.267441860465116,0.283587257617729,47.9369918699187,38.0040526849038,0.316176470588235,0.395833333333333,1.06617647058824,NA,0.294117647058824,0.416666666666667
"A_HP_008","Host-Parasite",8,24,13,11,1.625,3,2.18181818181818,1.54166666666667,0.466398831263696,0.285590277777778,29.8656798245614,26.4285714285714,0.192708333333333,0.363636363636364,0.568840579710145,NA,0.541666666666667,1.18181818181818
"A_HP_009","Host-Parasite",14,22,7,15,0.5,6.42857142857143,6,4.40909090909091,0.120257200552662,0.0375925925925926,53.793256433008,77.3471246422066,0.314935064935065,0.461538461538462,1.8008658008658,NA,0.318181818181818,0.466666666666667
"A_HP_010","Host-Parasite",18,31,14,17,0.777777777777778,4.11111111111111,4.35294117647059,2.83870967741935,0.486828512396694,0.43681519357195,27.2006472491909,34.7322458395123,0.157706093189964,0.241830065359477,0.567741935483871,NA,0.451612903225806,0.823529411764706
"A_HP_012","Host-Parasite",7,23,5,18,0.714285714285714,8.28571428571429,3.22222222222222,2.73913043478261,0.167674477198287,0.100624256837099,46.7890913830695,50.5085336119819,0.391304347826087,0.46031746031746,1.45849802371542,NA,0.217391304347826,0.277777777777778
"A_HP_013","Host-Parasite",11,22,4,18,0.363636363636364,9,5.5,4.68181818181818,0.0353002167970591,0.00612182430364249,67.6355084309629,74.2488240925741,0.425619834710744,0.5,2.42424242424243,NA,0.181818181818182,0.222222222222222
"A_HP_014","Host-Parasite",11,19,3,16,0.272727272727273,5.90909090909091,4.0625,3.57894736842105,0.17117214532872,0.108639053254438,57.7423093131058,59.297052154195,0.325358851674641,0.369318181818182,1.52046783625731,NA,0.157894736842105,0.1875
"A_HP_016","Host-Parasite",6,21,3,18,0.5,8.16666666666667,2.72222222222222,2.47619047619048,0.227995562130177,0.202623906705539,56.2455026455026,56.7806018112767,0.412698412698413,0.544444444444444,1.52857142857143,NA,0.142857142857143,0.166666666666667
"A_HP_017","Host-Parasite",5,9,4,5,0.8,3,3,2.11111111111111,0.256232686980609,0.157777777777778,78.2608695652174,80,0.422222222222222,0.6,1.33333333333333,NA,0.444444444444444,0.8
"A_HP_018","Host-Parasite",15,21,3,18,0.2,8.26666666666667,6.88888888888889,6.04761904761905,0.0441440882881766,0,60.3099933576124,70.2446670469926,0.403174603174603,0.459259259259259,2.66190476190476,NA,0.142857142857143,0.166666666666667
"A_HP_019","Host-Parasite",9,18,7,11,0.777777777777778,3.22222222222222,2.63636363636364,2,0.388117283950617,0.258620689655172,44.8853615520282,38.0952380952381,0.222222222222222,0.292929292929293,0.823529411764706,NA,0.388888888888889,0.636363636363636
"A_HP_020","Host-Parasite",16,17,5,12,0.3125,6.25,8.33333333333333,6.1764705882353,0.0188662131519274,0.01055,62.2675978535353,71.70535767027,0.386029411764706,0.555555555555556,2.61764705882353,NA,0.294117647058824,0.416666666666667
"A_HP_021","Host-Parasite",9,15,2,13,0.222222222222222,6.11111111111111,4.23076923076923,3.8,0.101877500769468,0.10297520661157,66.5754812563323,66.5538847117795,0.422222222222222,0.47008547008547,2.26666666666667,NA,0.133333333333333,0.153846153846154
"A_HP_022","Host-Parasite",16,18,5,13,0.3125,3.9375,4.84615384615385,3.77777777777778,0.223507785467128,0.249937011841774,32.991452991453,39.8737373737374,0.236111111111111,0.302884615384615,0.862745098039215,NA,0.277777777777778,0.384615384615385
"A_HP_023","Host-Parasite",9,8,0,8,NA,4.55555555555556,5.125,5.125,0.079417013682332,0.079417013682332,52.6041666666667,52.6041666666667,0.569444444444444,0.569444444444444,2.89285714285714,NA,0,0
"A_HP_024","Host-Parasite",7,20,10,10,1.42857142857143,4.14285714285714,2.9,1.95,0.274490466798159,0.180142687277051,53.5150078988942,69.5833333333333,0.278571428571429,0.483333333333333,0.921052631578947,NA,0.5,1
"A_HP_025","Host-Parasite",18,40,13,27,0.722222222222222,5.22222222222222,3.48148148148148,2.675,0.350205258101144,0.259789497510186,25.2151510511639,33.8743164730007,0.148611111111111,0.232098765432099,0.60897435897436,NA,0.325,0.481481481481481
"A_HP_026","Host-Parasite",15,18,2,16,0.133333333333333,9.33333333333333,8.75,7.88888888888889,0,0,87.7762117297001,90.8008497675165,0.525925925925926,0.583333333333333,4.80392156862745,NA,0.111111111111111,0.125
"A_HP_027","Host-Parasite",17,30,5,25,0.294117647058824,6.05882352941176,4.12,3.6,0.198002400548697,0.148741634461307,37.4217910907928,47.8629861222453,0.211764705882353,0.274666666666667,1.29655172413793,NA,0.166666666666667,0.2
"A_HP_029","Host-Parasite",15,34,11,23,0.733333333333333,4.53333333333333,2.95652173913043,2.32352941176471,0.461704854991187,0.391111591695502,23.6481936481936,22.7480712955573,0.154901960784314,0.197101449275362,0.47415329768271,NA,0.323529411764706,0.478260869565217
"A_HP_030","Host-Parasite",14,15,5,10,0.357142857142857,3.28571428571429,4.6,3.4,0.220876585928489,0.107514177693762,44.8457240038873,58.0468447541618,0.242857142857143,0.353846153846154,1.18095238095238,NA,0.333333333333333,0.5
"A_HP_031","Host-Parasite",25,31,7,24,0.28,6.68,6.95833333333333,5.61290322580645,0.103481305324349,0.160188604826276,38.1027306027306,45.2075023406545,0.224516129032258,0.289930555555556,1.64731182795699,NA,0.225806451612903,0.291666666666667
"A_HP_032","Host-Parasite",14,13,5,8,0.357142857142857,1.92857142857143,3.375,2.46153846153846,0.48046875,0.355281207133059,17.4063116370809,32.0281124497992,0.175824175824176,0.306818181818182,0.397435897435897,NA,0.384615384615385,0.625
"A_HP_033","Host-Parasite",22,25,1,24,0.0454545454545455,8.95454545454546,8.20833333333333,7.92,0.0292699724517907,0.0294132804246438,68.3093035062128,68.602428675088,0.36,0.373106060606061,4.65,NA,0.04,0.0416666666666667
"A_HP_034","Host-Parasite",9,8,1,7,0.111111111111111,3.77777777777778,4.85714285714286,4.375,0.0506122448979592,0.0519031141868512,76.5104166666666,75.672514619883,0.486111111111111,0.53968253968254,2.67857142857143,NA,0.125,0.142857142857143
"A_HP_035","Host-Parasite",6,7,3,4,0.5,2,3,2.14285714285714,0.322222222222222,0.260416666666667,57.4074074074074,60.3174603174603,0.357142857142857,0.5,0.857142857142857,NA,0.428571428571429,0.75
"A_HP_036","Host-Parasite",8,13,4,9,0.5,3.25,2.88888888888889,2.30769230769231,0.341666666666667,0.336538461538462,34.5125786163522,32.109375,0.288461538461538,0.361111111111111,0.769230769230769,NA,0.307692307692308,0.444444444444444
"A_HP_037","Host-Parasite",17,21,5,16,0.294117647058824,5,5.3125,4.28571428571429,0.184753086419753,0.145536332179931,53.794934192333,57.3738457722833,0.252100840336134,0.3125,1.38095238095238,NA,0.238095238095238,0.3125
"A_HP_038","Host-Parasite",10,20,8,12,0.8,4.4,3.66666666666667,2.6,0.335613905325444,0.253099173553719,31.1464032421479,44.1736694677871,0.26,0.407407407407407,0.757894736842106,NA,0.4,0.666666666666667
"A_HP_039","Host-Parasite",6,11,4,7,0.666666666666667,4.16666666666667,3.57142857142857,2.63636363636364,0.244351961950059,0.1064,65.7210884353742,67.8703703703704,0.439393939393939,0.595238095238095,1.25454545454545,NA,0.363636363636364,0.571428571428571
"A_HP_040","Host-Parasite",8,18,10,8,1.25,2.25,2.25,1.55555555555556,0.445790816326531,0.364197530864198,37.0165745856354,25.5813953488372,0.194444444444444,0.375,0.764705882352941,NA,0.555555555555556,1.25
"A_HP_041","Host-Parasite",11,10,0,10,NA,4.54545454545455,5,5,0.1508,0.1508,78.9103174603175,78.9103174603175,0.454545454545455,0.454545454545455,2.73333333333333,NA,0,0
"A_HP_042","Host-Parasite",21,32,15,17,0.714285714285714,3.28571428571429,4.05882352941176,2.625,0.433460884353741,0.351816845200588,22.1511963013379,34.7756357444939,0.125,0.225490196078431,0.471774193548387,NA,0.46875,0.88235294117647
"A_HP_043","Host-Parasite",9,29,11,18,1.22222222222222,6.88888888888889,3.44444444444444,2.51724137931034,0.178269844248452,0.0880593132154006,49.6335649644473,60.8043429866634,0.279693486590038,0.430555555555556,1.04926108374384,NA,0.379310344827586,0.611111111111111
"A_HP_044","Host-Parasite",27,26,6,20,0.222222222222222,7.07407407407407,9.55,7.57692307692308,0.0292071426730913,0.0104574984238371,62.5844038754107,74.5829969355304,0.280626780626781,0.353703703703704,2.68,NA,0.230769230769231,0.3
"A_HP_045","Host-Parasite",7,16,2,14,0.285714285714286,7.85714285714286,3.92857142857143,3.5625,0.0681748230224685,0.0692561983471074,70.9872279021215,68.1016156462585,0.508928571428571,0.561224489795918,2.23333333333333,NA,0.125,0.142857142857143
"A_HP_046","Host-Parasite",17,39,8,31,0.470588235294118,11.4117647058824,6.25806451612903,5.17948717948718,0.156908636408195,0.0919199702412584,43.6241931208059,53.935307666576,0.304675716440422,0.368121442125237,2.18758434547908,NA,0.205128205128205,0.258064516129032
"A_HP_047","Host-Parasite",11,26,9,17,0.818181818181818,8.27272727272727,5.35294117647059,3.84615384615385,0.1486,0.0579640140079701,40.9091011327853,60.2281098275573,0.34965034965035,0.535294117647059,1.52923076923077,NA,0.346153846153846,0.529411764705882
"A_HP_048","Host-Parasite",12,14,0,14,NA,5.91666666666667,5.07142857142857,5.07142857142857,0.0840111089069629,0.0840111089069629,77.4916590840158,77.4916590840158,0.422619047619048,0.422619047619048,3.27472527472528,NA,0,0
"A_HP_049","Host-Parasite",5,19,6,13,1.2,6.6,2.53846153846154,2.05263157894737,0.320512820512821,0.266758494031221,47.292817679558,44.6022727272727,0.410526315789474,0.507692307692308,1.04093567251462,NA,0.31578947368421,0.461538461538462
"A_HP_050","Host-Parasite",27,35,6,29,0.222222222222222,8.14814814814815,7.58620689655172,6.45714285714286,0.155395880648445,0.125444214876033,39.5199206061424,48.4302483721989,0.239153439153439,0.291777188328912,2.37310924369749,NA,0.171428571428571,0.206896551724138
"A_HP_051","Host-Parasite",13,26,6,20,0.461538461538462,7.76923076923077,5.05,4.11538461538461,0.0828019914403005,0.0364670130379375,66.8371144984048,72.8371535181237,0.316568047337278,0.388461538461538,1.90153846153846,NA,0.230769230769231,0.3
"M_AF_001","Anemone-Fish",10,26,8,18,0.8,7.2,4,3.07692307692308,0.125234375,0.11622299382716,55.6754281754282,63.3726879181425,0.307692307692308,0.4,1.19692307692308,NA,0.307692307692308,0.444444444444444
"M_AF_002_01","Anemone-Fish",6,5,3,2,0.5,1.16666666666667,3.5,2,0.41,0.316326530612245,38,34.375,0.333333333333333,0.583333333333333,0.4,NA,0.6,1.5
"M_AF_002_14","Anemone-Fish",5,5,3,2,0.6,1,2.5,1.6,0.4765625,0.3,22.5,50,0.32,0.625,0.3,NA,0.6,1.5
"M_PA_001","Plant-Ant",16,8,1,7,0.0625,1.125,2.57142857142857,2.375,0.777008310249307,0.757716049382716,4.27927927927928,5.02645502645503,0.1484375,0.171428571428571,0.107142857142857,NA,0.125,0.142857142857143
"M_PA_003","Plant-Ant",24,15,6,9,0.25,1.625,4.33333333333333,3,0.653086419753086,0.604207758053912,12.7952755905512,14.9500624219725,0.125,0.196969696969697,0.285714285714286,NA,0.4,0.666666666666667
"M_PA_004","Plant-Ant",42,50,0,50,NA,8.21428571428571,6.9,6.9,0.0561310649023314,0.0561310649023314,55.8614360332656,55.8614360332656,0.164285714285714,0.164285714285714,2.43836734693877,NA,0,0
"M_PA_005","Plant-Ant",11,15,11,4,1,0.909090909090909,2.5,1.4,0.775510204081633,0.56,7.1875,14.7058823529412,0.127272727272727,0.3125,0.152380952380952,NA,0.733333333333333,2.75
"M_PL_001","Pollination",84,101,46,55,0.547619047619048,3.75,5.72727272727273,3.57425742574257,0.446094643227108,0.422207105064248,14.4634525632651,19.606402579249,0.0425506836397926,0.0698447893569845,0.274851485148516,NA,0.455445544554455,0.836363636363636
"M_PL_002","Pollination",43,64,24,40,0.558139534883721,4,4.3,3.0625,0.476429092044981,0.421596133044889,15.3606300060565,18.6812098576804,0.0712209302325581,0.1,0.314980158730159,NA,0.375,0.6
"M_PL_003","Pollination",36,25,11,14,0.305555555555556,1.94444444444444,5,3.24,0.572626124066453,0.533367346938775,19.1882147124083,20.6727318759219,0.09,0.138888888888889,0.326666666666667,NA,0.44,0.785714285714286
"M_PL_004","Pollination",12,102,67,35,5.58333333333333,8.33333333333333,2.85714285714286,1.63725490196078,0.451109756534834,0.28025,30.7846718109547,36.0751018212557,0.136437908496732,0.25974025974026,0.561056105610561,NA,0.656862745098039,1.91428571428571
"M_PL_005","Pollination",96,275,143,132,1.48958333333333,8.125,5.90909090909091,3.35636363636364,0.240875119875013,0.171779257067719,14.743725785221,22.8328800079658,0.0349621212121212,0.0649350649350649,0.324273390842725,NA,0.52,1.08333333333333
"M_PL_006","Pollination",17,61,29,32,1.70588235294118,6.88235294117647,3.65625,2.39344262295082,0.329118971664477,0.274819197896121,52.2694537292706,52.7711221619449,0.140790742526519,0.215073529411765,0.940437158469944,NA,0.475409836065574,0.90625
"M_PL_007","Pollination",16,36,19,17,1.1875,4.125,3.88235294117647,2.36111111111111,0.361384083044983,0.21797520661157,35.658354978355,44.3045612755156,0.147569444444444,0.258823529411765,0.677777777777778,NA,0.527777777777778,1.11764705882353
"M_PL_008","Pollination",11,38,12,26,1.09090909090909,8.54545454545454,3.61538461538462,2.78947368421053,0.210484158063368,0.191093254866455,35.9711751895129,40.5346795017848,0.253588516746411,0.328671328671329,0.800853485064012,NA,0.31578947368421,0.461538461538462
"M_PL_009","Pollination",24,118,76,42,3.16666666666667,6.91666666666667,3.95238095238095,2.05084745762712,0.436266306946247,0.290118304543475,15.3927062397602,25.8164617356764,0.08545197740113,0.16468253968254,0.265391858612201,NA,0.64406779661017,1.80952380952381
"M_PL_010","Pollination",31,76,11,65,0.354838709677419,14.3548387096774,6.84615384615385,6,0.0249980763311788,0.0289458401716955,35.1698727203784,38.5599904589448,0.193548387096774,0.220843672456576,1.41087719298245,NA,0.144736842105263,0.169230769230769
"M_PL_011","Pollination",14,13,3,10,0.214285714285714,3.5,4.9,4,0.285133136094675,0.172428154935444,54.585798816568,56.6789215686274,0.285714285714286,0.35,1.23076923076923,NA,0.230769230769231,0.3
"M_PL_012","Pollination",29,55,29,26,1,4,4.46153846153846,2.63636363636364,0.419762187871581,0.27099435196195,30.4021742805177,40.1980697141436,0.0909090909090909,0.153846153846154,0.548821548821548,NA,0.527272727272727,1.11538461538462
"M_PL_013","Pollination",9,56,35,21,3.88888888888889,7.55555555555556,3.23809523809524,1.83928571428571,0.375860118767085,0.2217776816609,35.4888924527249,51.5778090473212,0.204365079365079,0.35978835978836,0.601948051948051,NA,0.625,1.66666666666667
"M_PL_014","Pollination",29,81,33,48,1.13793103448276,5.03448275862069,3.04166666666667,2.20987654320988,0.440591741830779,0.328438731469319,25.6823343404528,25.8347713228191,0.0762026394210302,0.108630952380952,0.502469135802468,NA,0.407407407407407,0.6875
"M_PL_015","Pollination",131,666,248,418,1.89312977099237,20.4961832061069,6.42344497607655,4.4039039039039,0.350539535708793,0.281572429768803,9.17096436275878,12.2845924077137,0.0336175870527016,0.0494111152005889,0.244304454830748,NA,0.372372372372372,0.593301435406699
"M_PL_016","Pollination",26,179,99,80,3.80769230769231,12.0384615384615,3.9125,2.30167597765363,0.420683499858611,0.260158825751003,21.9769106927802,27.085231543899,0.0885259991405243,0.150480769230769,0.404431611323828,NA,0.553072625698324,1.2375
"M_PL_017","Pollination",25,79,25,54,1,10.96,5.07407407407407,3.78481012658228,0.150043064395253,0.139545260802387,42.8419629847872,45.7182033915674,0.151392405063291,0.202962962962963,1.00778967867576,NA,0.316455696202532,0.462962962962963
"M_PL_018","Pollination",39,105,44,61,1.12820512820513,8.69230769230769,5.55737704918033,3.64761904761905,0.24271758618574,0.182303495444697,19.7348956141182,27.5921394062654,0.0935286935286935,0.14249684741488,0.467948717948715,NA,0.419047619047619,0.721311475409836
"M_PL_019","Pollination",40,85,37,48,0.925,5.675,4.72916666666667,3.10588235294118,0.336482724977043,0.275999922373809,19.3095981772479,26.8606924536487,0.0776470588235294,0.121260683760684,0.378711484593837,NA,0.435294117647059,0.770833333333333
"M_PL_020","Pollination",20,91,48,43,2.4,7.1,3.30232558139535,2.08791208791209,0.393891966759003,0.297733584606229,37.116063676157,37.7751252743902,0.104395604395604,0.173806609547124,0.654212454212453,NA,0.527472527472527,1.11627906976744
"M_PL_021","Pollination",91,677,500,177,5.49450549450549,7.61538461538462,3.91525423728814,1.76218611521418,0.577358213496022,0.418285097938778,7.55224071531783,14.3223589960327,0.0193646825847712,0.0435028248587571,0.143038815519216,NA,0.738552437223043,2.82485875706215
"M_PL_022","Pollination",21,45,24,21,1.14285714285714,2.80952380952381,2.80952380952381,1.84444444444444,0.595224270576281,0.541367423154266,18.0208333333333,13.4603174603175,0.0878306878306878,0.133786848072562,0.353535353535353,NA,0.533333333333333,1.14285714285714
"M_PL_023","Pollination",23,72,43,29,1.8695652173913,3.56521739130435,2.82758620689655,1.73611111111111,0.538528,0.456350386674598,22.8815233656814,21.6236144807573,0.0754830917874396,0.128526645768025,0.415101721439749,NA,0.597222222222222,1.48275862068966
"M_PL_024","Pollination",11,18,9,9,0.818181818181818,2.63636363636364,3.22222222222222,2.11111111111111,0.415512465373961,0.240190249702735,32.0673076923077,44.1975308641975,0.191919191919192,0.322222222222222,0.516339869281045,NA,0.5,1
"M_PL_025","Pollination",13,44,13,31,1,10,4.19354838709677,3.25,0.161425986600812,0.152307692307692,51.2632533482143,53.8263924354272,0.25,0.32258064516129,1.2600422832981,NA,0.295454545454545,0.419354838709677
"M_PL_026","Pollination",105,54,31,23,0.295238095238095,1.64761904761905,7.52173913043478,3.77777777777778,0.557646097654748,0.472250994019179,25.1322939786152,26.0693745351391,0.035978835978836,0.0730265934993668,0.3298392732355,NA,0.574074074074074,1.34782608695652
"M_PL_027","Pollination",18,60,32,28,1.77777777777778,4.88888888888889,3.14285714285714,2,0.548993055555556,0.43724173553719,13.9433691344768,21.3871132110432,0.111111111111111,0.184873949579832,0.243502824858757,NA,0.533333333333333,1.14285714285714
"M_PL_028","Pollination",41,139,64,75,1.5609756097561,7.5609756097561,4.13333333333333,2.69064748201439,0.367003631788155,0.356997918834547,16.4333039199002,19.4489861861212,0.0656255483418143,0.100813008130081,0.315191325200705,NA,0.460431654676259,0.853333333333333
"M_PL_029","Pollination",49,118,64,54,1.30612244897959,5.75510204081633,5.22222222222222,2.93220338983051,0.413695746600287,0.337413862481766,15.7720749576542,21.850137272191,0.0598408855067451,0.106575963718821,0.304650152107783,NA,0.542372881355932,1.18518518518519
"M_PL_030","Pollination",28,53,26,27,0.928571428571428,2.96428571428571,3.07407407407407,2.05660377358491,0.544861543641108,0.451516911017564,11.1605109013993,14.1818447809231,0.0734501347708895,0.122962962962963,0.201741654571843,NA,0.490566037735849,0.962962962962963
"M_PL_031","Pollination",48,49,23,26,0.479166666666667,2.77083333333333,5.11538461538461,3.18367346938776,0.536365877712032,0.522697721747979,12.3364579093746,16.9517569848452,0.0663265306122449,0.111204013377926,0.256802721088436,NA,0.469387755102041,0.884615384615385
"M_PL_032","Pollination",7,33,18,15,2.57142857142857,6.71428571428571,3.13333333333333,1.96969696969697,0.104615384615385,0.129017655047533,56.6597670696031,64.3253968253968,0.281385281385281,0.447619047619048,0.975378787878787,NA,0.545454545454545,1.2
"M_PL_033","Pollination",13,34,6,28,0.461538461538462,10.3846153846154,4.82142857142857,4.14705882352941,0.0729842563251345,0.0676268861454047,40.9612629154883,45.9430691749771,0.319004524886878,0.370879120879121,1.51515151515151,NA,0.176470588235294,0.214285714285714
"M_PL_034","Pollination",26,128,67,61,2.57692307692308,9.42307692307692,4.01639344262295,2.4375,0.422588962853386,0.204106622240733,25.0101633292327,36.3751453435318,0.09375,0.160655737704918,0.454109251968499,NA,0.5234375,1.0983606557377
"M_PL_035","Pollination",61,36,6,30,0.0983606557377049,2.81967213114754,5.73333333333333,4.94444444444444,0.434651559146572,0.393827744726879,25.7421533822746,26.4942093550033,0.081056466302368,0.0939890710382514,0.644444444444444,NA,0.166666666666667,0.2
"M_PL_036","Pollination",10,12,5,7,0.5,2.5,3.57142857142857,2.5,0.380555555555556,0.3544,35.960960960961,38.510101010101,0.25,0.357142857142857,0.712121212121212,NA,0.416666666666667,0.714285714285714
"M_PL_037","Pollination",10,40,25,15,2.5,4.7,3.13333333333333,1.8,0.436631944444444,0.333861475780896,23.1632996632997,38.5666666666667,0.18,0.313333333333333,0.385897435897436,NA,0.625,1.66666666666667
"M_PL_038","Pollination",8,42,21,21,2.625,7.25,2.76190476190476,1.88095238095238,0.391043102066976,0.278388822829964,28.314729889533,36.8432221373398,0.235119047619048,0.345238095238095,0.51219512195122,NA,0.5,1
"M_PL_039","Pollination",17,51,27,24,1.58823529411765,6,4.25,2.52941176470588,0.448981431404363,0.327566320645905,25.3445715635652,39.7842502696872,0.14878892733564,0.25,0.458823529411765,NA,0.529411764705882,1.125
"M_PL_040","Pollination",29,43,17,26,0.586206896551724,3.3448275862069,3.73076923076923,2.65116279069767,0.503731917513081,0.445371452864279,19.9265160609698,21.1115626905101,0.0914194065757819,0.133241758241758,0.436323366555925,NA,0.395348837209302,0.653846153846154
"M_PL_041","Pollination",31,43,17,26,0.548387096774194,4.12903225806452,4.92307692307692,3.37209302325581,0.350225921521998,0.196197509765625,27.3482251991024,37.4677298685506,0.108777194298575,0.169761273209549,0.712070874861572,NA,0.395348837209302,0.653846153846154
"M_PL_042","Pollination",12,6,3,3,0.25,1.83333333333333,7.33333333333333,4.16666666666667,0.3312,0.190082644628099,49.7942386831276,65.5172413793103,0.347222222222222,0.666666666666667,1.4,NA,0.5,1
"M_PL_043","Pollination",28,82,35,47,1.25,7.67857142857143,4.57446808510638,3.04878048780488,0.28936,0.248296376419686,22.1664165691168,30.0792876683897,0.108885017421603,0.163373860182371,0.472749171936165,NA,0.426829268292683,0.74468085106383
"M_PL_044","Pollination",110,609,418,191,3.8,6.42727272727273,3.70157068062827,1.84729064039409,0.57093412345679,0.369243511540485,5.18015766267834,9.26484822476015,0.0167935512763099,0.0345941185105446,0.0871953590874036,NA,0.686371100164204,2.18848167539267
"M_PL_045","Pollination",17,26,13,13,0.764705882352941,2.94117647058824,3.84615384615385,2.42307692307692,0.448601662887377,0.349,32.2198120028923,40.2525252525253,0.142533936651584,0.240384615384615,0.578461538461538,NA,0.5,1
"M_PL_046","Pollination",16,44,7,37,0.4375,16.9375,7.32432432432432,6.31818181818182,0,0,63.5971859522109,67.9640376849272,0.394886363636364,0.45777027027027,2.85517970401691,NA,0.159090909090909,0.189189189189189
"M_PL_047","Pollination",19,186,103,83,5.42105263157895,16.9473684210526,3.87951807228916,2.28494623655914,0.287454671280277,0.146150804367115,29.9581261914591,39.4833913034647,0.120260328239955,0.204185161699429,0.532984597500724,NA,0.553763440860215,1.24096385542169
"M_PL_048","Pollination",30,236,112,124,3.73333333333333,18.6333333333333,4.50806451612903,2.84322033898305,0.208004157773281,0.140150921176007,26.2296064171275,34.3916121958542,0.094774011299435,0.150268817204301,0.537216011539852,NA,0.474576271186441,0.903225806451613
"M_PL_049","Pollination",37,225,125,100,3.37837837837838,12.5675675675676,4.65,2.62222222222222,0.383381212295317,0.23333795814545,18.1330572223841,26.2191602706457,0.0708708708708709,0.125675675675676,0.339206349206355,NA,0.555555555555556,1.25
"M_PL_050","Pollination",14,35,15,20,1.07142857142857,5.07142857142857,3.55,2.45714285714286,0.42624391563007,0.303412021424321,32.5801907033685,39.7907134384003,0.175510204081633,0.253571428571429,0.621848739495798,NA,0.428571428571429,0.75
"M_PL_051","Pollination",14,90,57,33,4.07142857142857,7.64285714285714,3.24242424242424,1.82222222222222,0.450178465199286,0.343130404402131,30.0061587085513,38.9988041038122,0.13015873015873,0.231601731601732,0.51785268414482,NA,0.633333333333333,1.72727272727273
"M_PL_052","Pollination",15,39,20,19,1.33333333333333,4.8,3.78947368421053,2.35897435897436,0.312145557655955,0.29591049382716,30.9091804570528,42.8522961347389,0.157264957264957,0.270676691729323,0.541160593792173,NA,0.512820512820513,1.05263157894737
"M_PL_053","Pollination",99,294,203,91,2.05050505050505,3.8989898989899,4.24175824175824,2.00340136054422,0.575963980272166,0.469888453381299,4.70965677853414,9.4287759162171,0.0202363773792345,0.0461060678451983,0.088458591627773,NA,0.69047619047619,2.23076923076923
"M_PL_054","Pollination",113,318,197,121,1.74336283185841,5.09734513274336,4.7603305785124,2.43081761006289,0.456887448140592,0.37267764998071,8.60581098323446,12.9468557009567,0.0215116602660433,0.0449087790425698,0.155328055869676,NA,0.619496855345912,1.62809917355372
"M_PL_055","Pollination",64,195,108,87,1.6875,5.046875,3.71264367816092,2.21025641025641,0.518017775528771,0.402491157779716,9.21422507678501,13.1768057939957,0.0345352564102564,0.0589308520343003,0.159238699444881,NA,0.553846153846154,1.24137931034483
"M_PL_056","Pollination",91,365,231,134,2.53846153846154,7.03296703296703,4.77611940298507,2.38630136986301,0.455676663929316,0.345435791015625,7.06616118437447,12.2568278719062,0.0262230919765166,0.0524848286042316,0.128225199458096,NA,0.632876712328767,1.72388059701493
"M_PL_057","Pollination",114,883,608,275,5.33333333333333,11.5087719298246,4.77090909090909,2.17440543601359,0.481282687717014,0.295085410005205,7.23380983231378,15.969221821088,0.0190737318948561,0.0418500797448166,0.124973356651124,NA,0.688561721404303,2.21090909090909
"M_PL_058","Pollination",32,81,33,48,1.03125,8.9375,5.95833333333333,3.93827160493827,0.21892473540944,0.0502897452198151,28.0153189533487,37.7547959878745,0.123070987654321,0.192204301075269,0.73580246913579,NA,0.407407407407407,0.6875
"M_PL_059","Pollination",13,13,4,9,0.307692307692308,5.15384615384615,7.44444444444444,5.46153846153846,0.0395754810553461,0.00345288482958343,84.9310643060643,84.8496240601504,0.420118343195266,0.572649572649573,2.65384615384615,NA,0.307692307692308,0.444444444444444
"M_PL_060_01","Pollination",11,39,20,19,1.81818181818182,6.81818181818182,3.94736842105263,2.43589743589744,0.296509695290859,0.0991111111111111,33.4792650119283,49.4221449641804,0.221445221445221,0.358851674641148,0.627530364372469,NA,0.512820512820513,1.05263157894737
"M_PL_060_02","Pollination",12,38,16,22,1.33333333333333,7.58333333333333,4.13636363636364,2.81578947368421,0.24242291903223,0.0765004226542688,42.1258751362783,51.0606677273344,0.234649122807018,0.34469696969697,0.884779516358464,NA,0.421052631578947,0.727272727272727
"M_PL_060_03","Pollination",13,45,22,23,1.69230769230769,8.30769230769231,4.69565217391304,2.88888888888889,0.190325443786982,0.102580589849108,36.6660795233994,55.0186143161974,0.222222222222222,0.361204013377926,0.834343434343434,NA,0.488888888888889,0.956521739130435
"M_PL_060_04","Pollination",21,46,18,28,0.857142857142857,5.52380952380952,4.14285714285714,2.91304347826087,0.299871909111161,0.29618757431629,26.5261681647224,35.4703988377458,0.13871635610766,0.197278911564626,0.525603864734299,NA,0.391304347826087,0.642857142857143
"M_PL_060_05","Pollination",33,54,33,21,1,3.36363636363636,5.28571428571429,2.66666666666667,0.436125578703704,0.281551822092363,17.2952985701837,27.9003971319835,0.0808080808080808,0.165178571428571,0.287910552061495,NA,0.611111111111111,1.57142857142857
"M_PL_060_06","Pollination",26,45,29,16,1.11538461538462,2.57692307692308,4.1875,2.13333333333333,0.512586805555556,0.393183337046113,14.5553141408655,25.2142857142857,0.082051282051282,0.1675,0.250505050505051,NA,0.644444444444444,1.8125
"M_PL_060_07","Pollination",29,39,22,17,0.758620689655172,2.96551724137931,5.05882352941176,2.76923076923077,0.399391289437586,0.284410492157923,23.4029767094283,33.7451678088209,0.0954907161803713,0.174442190669371,0.341430499325237,NA,0.564102564102564,1.29411764705882
"M_PL_060_08","Pollination",19,28,16,12,0.842105263157895,2.94736842105263,4.66666666666667,2.57142857142857,0.451003086419753,0.359853316326531,24.7885766328389,37.9756881655616,0.135338345864662,0.245614035087719,0.436507936507936,NA,0.571428571428571,1.33333333333333
"M_PL_060_09","Pollination",18,40,24,16,1.33333333333333,3,3.375,1.95,0.47000328731098,0.367969821673525,19.1066653365689,33.4537760416667,0.108333333333333,0.198529411764706,0.311538461538462,NA,0.6,1.5
"M_PL_060_10","Pollination",14,25,13,12,0.928571428571429,2.71428571428571,3.16666666666667,2.04,0.5,0.428324099722992,24.4716437299557,31.9570707070707,0.145714285714286,0.263888888888889,0.423333333333333,NA,0.52,1.08333333333333
"M_PL_060_11","Pollination",14,20,10,10,0.714285714285714,2.35714285714286,3.3,2.15,0.510005408328826,0.447199265381084,26.8979833926453,25.8578431372549,0.153571428571429,0.235714285714286,0.442105263157895,NA,0.5,1
"M_PL_060_12","Pollination",11,26,14,12,1.27272727272727,4.18181818181818,3.83333333333333,2.30769230769231,0.290972222222222,0.225425330812854,28.9407894736842,43.2432432432432,0.20979020979021,0.383333333333333,0.556923076923077,NA,0.538461538461538,1.16666666666667
"M_PL_060_13","Pollination",7,31,18,13,2.57142857142857,4.28571428571429,2.30769230769231,1.54838709677419,0.433810763888889,0.245555555555556,33.7442324479361,30.4659498207885,0.221198156682028,0.384615384615385,0.574193548387097,NA,0.580645161290323,1.38461538461538
"M_PL_060_14","Pollination",11,37,16,21,1.45454545454545,7.54545454545455,3.95238095238095,2.67567567567568,0.250535659626569,0.168892437218754,39.6969212017756,50.8247570040023,0.243243243243243,0.359307359307359,0.822822822822823,NA,0.432432432432432,0.761904761904762
"M_PL_060_15","Pollination",14,37,10,27,0.714285714285714,8.64285714285714,4.48148148148148,3.54054054054054,0.152526076568965,0.166621132436309,41.5554392767074,43.7747452396774,0.252895752895753,0.32010582010582,1.01051051051051,NA,0.27027027027027,0.37037037037037
"M_PL_060_16","Pollination",17,39,18,21,1.05882352941176,5.64705882352941,4.57142857142857,2.92307692307692,0.295129270544783,0.164767795138889,32.1143296713422,40.7612875242933,0.171945701357466,0.26890756302521,0.608636977058031,NA,0.461538461538462,0.857142857142857
"M_PL_060_17","Pollination",17,35,18,17,1.05882352941176,4.82352941176471,4.82352941176471,2.85714285714286,0.36535,0.30086258179655,30.1239332942479,40.4810049019608,0.168067226890756,0.283737024221453,0.566386554621849,NA,0.514285714285714,1.05882352941176
"M_PL_060_18","Pollination",20,28,14,14,0.7,3.05,4.35714285714286,2.67857142857143,0.402666666666667,0.354071486159635,31.7924211938297,43.7298762921539,0.133928571428571,0.217857142857143,0.518518518518518,NA,0.5,1
"M_PL_060_19","Pollination",18,13,5,8,0.277777777777778,2,4.5,3.15384615384615,0.438726948245092,0.376929012345679,39.7907647907648,40.0552486187845,0.175213675213675,0.25,0.679487179487179,NA,0.384615384615385,0.625
"M_PL_060_20","Pollination",12,18,10,8,0.833333333333333,2.25,3.375,2.05555555555556,0.452154857560263,0.351851851851852,31.9558599695586,34.6631205673759,0.171296296296296,0.28125,0.490196078431372,NA,0.555555555555556,1.25
"M_PL_060_21","Pollination",6,22,16,6,2.66666666666667,2.66666666666667,2.66666666666667,1.45454545454545,0.458984375,0.333984375,30.0643631436314,46.1111111111111,0.242424242424242,0.444444444444444,0.567099567099567,NA,0.727272727272727,2.66666666666667
"M_PL_060_22","Pollination",13,31,19,12,1.46153846153846,3.46153846153846,3.75,2.06451612903226,0.42333984375,0.243950617283951,33.7062615101289,43.3895502645503,0.158808933002481,0.288461538461538,0.556989247311828,NA,0.612903225806452,1.58333333333333
"M_PL_060_23","Pollination",12,27,13,14,1.08333333333333,3.66666666666667,3.14285714285714,2.11111111111111,0.405663281009541,0.308884297520661,33.1785999771611,35.031847133758,0.175925925925926,0.261904761904762,0.538461538461538,NA,0.481481481481481,0.928571428571429
"M_PL_060_24","Pollination",14,24,14,10,1,2.28571428571429,3.2,1.91666666666667,0.52859168241966,0.46435546875,18.3015440508629,25.8807588075881,0.136904761904762,0.246153846153846,0.289855072463768,NA,0.583333333333333,1.4
"M_PL_061_01","Pollination",5,12,9,3,1.8,1.6,2.66666666666667,1.41666666666667,0.524221453287197,0.3671875,29.2763157894737,23.0769230769231,0.283333333333333,0.533333333333333,0.545454545454546,NA,0.75,3
"M_PL_061_02","Pollination",5,17,12,5,2.4,3,3,1.58823529411765,0.354595336076818,0.108888888888889,46.4611872146119,83.3333333333333,0.317647058823529,0.6,0.816176470588235,NA,0.705882352941177,2.4
"M_PL_061_03","Pollination",6,14,9,5,1.5,2.5,3,1.71428571428571,0.388020833333333,0.24,33.2547169811321,58.6666666666667,0.285714285714286,0.5,0.516483516483517,NA,0.642857142857143,1.8
"M_PL_061_04","Pollination",8,14,8,6,1,2.625,3.5,2.07142857142857,0.340665873959572,0.193877551020408,36.7647058823529,58.3333333333333,0.258928571428571,0.5,0.703296703296703,NA,0.571428571428571,1.33333333333333
"M_PL_061_05","Pollination",12,22,12,10,1,3.25,3.9,2.31818181818182,0.381391772395233,0.222550953320184,35.3909465020576,41.3663663663664,0.193181818181818,0.325,0.614718614718614,NA,0.545454545454545,1.2
"M_PL_061_06","Pollination",11,24,14,10,1.27272727272727,4,4.4,2.41666666666667,0.3134661117717,0.099948347107438,30.9027478060711,58.8666666666667,0.21969696969697,0.4,0.507246376811594,NA,0.583333333333333,1.4
"M_PL_061_07","Pollination",9,23,11,12,1.22222222222222,5.66666666666667,4.25,2.69565217391304,0.171175858480749,0.0582468281430219,45.8890811226451,65.5255825734549,0.29951690821256,0.53125,0.924901185770752,NA,0.478260869565217,0.916666666666667
"M_PL_061_08","Pollination",6,19,10,9,1.66666666666667,4.16666666666667,2.77777777777778,1.84210526315789,0.368163265306122,0.2896,42.3476702508961,48.202614379085,0.307017543859649,0.462962962962963,0.695906432748538,NA,0.526315789473684,1.11111111111111
"M_PL_061_09","Pollination",6,10,5,5,0.833333333333333,1.66666666666667,2,1.5,0.493333333333333,0.35,19.3055555555556,18,0.25,0.333333333333333,0.422222222222222,NA,0.5,1
"M_PL_061_10","Pollination",5,14,10,4,2,2,2.5,1.42857142857143,0.48875,0.285,27.3762376237624,46.875,0.285714285714286,0.5,0.428571428571429,NA,0.714285714285714,2.5
"M_PL_061_11","Pollination",6,12,8,4,1.33333333333333,1.5,2.25,1.41666666666667,0.538062283737024,0.388888888888889,25.6172839506173,31.25,0.236111111111111,0.45,0.378787878787879,NA,0.666666666666667,2
"M_PL_061_12","Pollination",7,12,8,4,1.14285714285714,2.28571428571429,4,2,0.358506944444444,0.169921875,41.5708812260536,68.5185185185185,0.285714285714286,0.571428571428571,0.53030303030303,NA,0.666666666666667,2
"M_PL_061_13","Pollination",7,19,11,8,1.57142857142857,4,3.5,2.05263157894737,0.329717291255753,0.14094387755102,47.7864583333333,54.8639455782313,0.293233082706767,0.5,0.91812865497076,NA,0.578947368421053,1.375
"M_PL_061_14","Pollination",6,11,8,3,1.33333333333333,1.66666666666667,3.33333333333333,1.63636363636364,0.421296296296296,0.12,25,73.0769230769231,0.272727272727273,0.666666666666667,0.381818181818182,NA,0.727272727272727,2.66666666666667
"M_PL_061_15","Pollination",6,18,10,8,1.66666666666667,3.83333333333333,2.875,1.83333333333333,0.37465564738292,0.25992438563327,36.2896825396825,39.1472868217054,0.305555555555556,0.479166666666667,0.581699346405229,NA,0.555555555555556,1.25
"M_PL_061_16","Pollination",8,19,8,11,1,4.125,3,2.15789473684211,0.3720999405116,0.310835629017447,42.9201563372418,43.1726907630522,0.269736842105263,0.375,0.766081871345029,NA,0.421052631578947,0.727272727272727
"M_PL_061_17","Pollination",9,13,10,3,1.11111111111111,1,3,1.46153846153846,0.619113573407202,0.419753086419753,15.4970760233918,27.7777777777778,0.162393162393162,0.428571428571429,0.217948717948718,NA,0.769230769230769,3.33333333333333
"M_PL_061_18","Pollination",11,18,11,7,1,2.18181818181818,3.42857142857143,1.94444444444444,0.524489795918367,0.4140625,24.6794871794872,28.2894736842105,0.176767676767677,0.311688311688312,0.320261437908497,NA,0.611111111111111,1.57142857142857
"M_PL_061_19","Pollination",11,21,13,8,1.18181818181818,2.81818181818182,3.875,2.0952380952381,0.434917355371901,0.256503642039542,28.6801437556155,49.3975903614458,0.19047619047619,0.352272727272727,0.452380952380952,NA,0.619047619047619,1.625
"M_PL_061_20","Pollination",11,14,9,5,0.818181818181818,1.45454545454545,3.2,1.78571428571429,0.5552,0.33203125,18.2876712328767,40.2173913043478,0.162337662337662,0.355555555555556,0.340659340659341,NA,0.642857142857143,1.8
"M_PL_061_21","Pollination",11,18,8,10,0.727272727272727,3.18181818181818,3.5,2.38888888888889,0.412385073012439,0.331020408163265,28.7660256410256,39.7,0.217171717171717,0.318181818181818,0.529411764705882,NA,0.444444444444444,0.8
"M_PL_061_22","Pollination",10,18,13,5,1.3,1.5,3,1.55555555555556,0.607780612244898,0.451111111111111,17.7609427609428,26.0869565217391,0.155555555555556,0.333333333333333,0.254901960784314,NA,0.722222222222222,2.6
"M_PL_061_23","Pollination",10,26,17,9,1.7,2.8,3.11111111111111,1.73076923076923,0.529382716049383,0.361607142857143,24.0620978120978,42.0138888888889,0.173076923076923,0.345679012345679,0.381538461538461,NA,0.653846153846154,1.88888888888889
"M_PL_061_24","Pollination",11,18,9,9,0.818181818181818,3.36363636363636,4.11111111111111,2.55555555555556,0.441162570888469,0.352447041636231,40.2844551282051,51.3278388278388,0.232323232323232,0.373737373737374,0.65359477124183,NA,0.5,1
"M_PL_061_25","Pollination",5,11,7,4,1.4,2.8,3.5,1.90909090909091,0.311791383219955,0.0943877551020408,46.8205128205128,79.1666666666667,0.381818181818182,0.7,0.672727272727273,NA,0.636363636363636,1.75
"M_PL_061_26","Pollination",7,13,5,8,0.714285714285714,3.28571428571429,2.875,2.15384615384615,0.267857142857143,0.219281663516068,38.6868686868687,41.3265306122449,0.307692307692308,0.410714285714286,0.730769230769231,NA,0.384615384615385,0.625
"M_PL_061_27","Pollination",6,13,6,7,1,2.5,2.14285714285714,1.61538461538462,0.418367346938776,0.34,21.3082437275986,25,0.269230769230769,0.357142857142857,0.512820512820513,NA,0.461538461538462,0.857142857142857
"M_PL_061_28","Pollination",8,19,12,7,1.5,3,3.42857142857143,1.89473684210526,0.422453703703704,0.322048611111111,38.9447236180904,43.8775510204082,0.236842105263158,0.428571428571429,0.666666666666667,NA,0.631578947368421,1.71428571428571
"M_PL_061_29","Pollination",8,18,9,9,1.125,3.75,3.33333333333333,2.16666666666667,0.320512820512821,0.207777777777778,36.6252302025783,62.9166666666667,0.270833333333333,0.416666666666667,0.660130718954248,NA,0.5,1
"M_PL_061_30","Pollination",7,13,5,8,0.714285714285714,3.57142857142857,3.125,2.30769230769231,0.355555555555556,0.2064,47.5084175084175,51.7006802721088,0.32967032967033,0.446428571428571,0.794871794871795,NA,0.384615384615385,0.625
"M_PL_061_31","Pollination",5,19,11,8,2.2,4.8,3,1.84210526315789,0.258367346938775,0.186631944444445,42.3756906077348,61.4473684210526,0.368421052631579,0.6,0.678362573099415,NA,0.578947368421053,1.375
"M_PL_061_32","Pollination",6,18,13,5,2.16666666666667,2.5,3,1.55555555555556,0.472576530612245,0.213333333333333,27.203798185941,58.3333333333333,0.259259259259259,0.6,0.470588235294118,NA,0.722222222222222,2.6
"M_PL_061_35","Pollination",9,13,10,3,1.11111111111111,1,3,1.46153846153846,0.57617728531856,0.290123456790123,17.9093567251462,52.7777777777778,0.162393162393162,0.5,0.256410256410256,NA,0.769230769230769,3.33333333333333
"M_PL_061_36","Pollination",7,17,10,7,1.42857142857143,3,3,1.82352941176471,0.382414151925078,0.275510204081633,31.4331210191083,44.2460317460317,0.260504201680672,0.428571428571429,0.5,NA,0.588235294117647,1.42857142857143
"M_PL_061_37","Pollination",11,19,10,9,0.909090909090909,3,3.66666666666667,2.26315789473684,0.439426717144402,0.307162534435262,31.8689422671724,43.3411826268969,0.205741626794258,0.333333333333333,0.485380116959065,NA,0.526315789473684,1.11111111111111
"M_PL_061_38","Pollination",10,23,12,11,1.2,3.7,3.36363636363636,2.1304347826087,0.34527280299875,0.308619430241052,31.4817034196229,46.4142857142857,0.21304347826087,0.336363636363636,0.537549407114624,NA,0.521739130434783,1.09090909090909
"M_PL_061_39","Pollination",7,23,13,10,1.85714285714286,4.71428571428571,3.3,2,0.289697542533081,0.174012855831038,35.581769204032,64.040404040404,0.285714285714286,0.471428571428571,0.604743083003952,NA,0.565217391304348,1.3
"M_PL_061_40","Pollination",9,26,14,12,1.55555555555556,4.88888888888889,3.66666666666667,2.23076923076923,0.323573127229489,0.229080578512397,36.9418462424003,55.1241134751773,0.247863247863248,0.458333333333333,0.633846153846154,NA,0.538461538461538,1.16666666666667
"M_PL_061_42","Pollination",6,11,8,3,1.33333333333333,1.33333333333333,2.66666666666667,1.45454545454545,0.482421875,0.125,28.5714285714286,77.7777777777778,0.242424242424242,0.666666666666667,0.4,NA,0.727272727272727,2.66666666666667
"M_PL_061_43","Pollination",9,16,12,4,1.33333333333333,1.55555555555556,3.5,1.625,0.564349112426035,0.316326530612245,18.0555555555556,47.0588235294118,0.180555555555556,0.4375,0.275,NA,0.75,3
"M_PL_061_44","Pollination",10,11,8,3,0.8,1.5,5,2.09090909090909,0.406427221172023,0.246666666666667,42.5,66.6666666666667,0.209090909090909,0.555555555555556,0.472727272727273,NA,0.727272727272727,2.66666666666667
"M_PL_061_45","Pollination",11,23,12,11,1.09090909090909,3.45454545454545,3.45454545454545,2.17391304347826,0.4564,0.354916897506925,28.517316017316,39.9242424242424,0.197628458498024,0.31404958677686,0.462450592885376,NA,0.521739130434783,1.09090909090909
"M_PL_061_46","Pollination",13,21,11,10,0.846153846153846,2.61538461538462,3.4,2.14285714285714,0.451851851851852,0.384083044982699,22.7885251322751,37.8435927216415,0.164835164835165,0.261538461538462,0.323809523809523,NA,0.523809523809524,1.1
"M_PL_061_47","Pollination",9,26,12,14,1.33333333333333,5,3.21428571428571,2.19230769230769,0.251615881809788,0.245679012345679,38.5641735918744,56.6059757236228,0.243589743589744,0.401785714285714,0.695384615384615,NA,0.461538461538462,0.857142857142857
"M_PL_061_48","Pollination",9,14,6,8,0.666666666666667,2.88888888888889,3.25,2.28571428571429,0.3876953125,0.282544378698225,28.9763779527559,46.8229166666667,0.253968253968254,0.361111111111111,0.494505494505494,NA,0.428571428571429,0.75
"M_PL_062","Pollination",456,1044,178,866,0.390350877192983,33.0635964912281,17.4099307159353,14.6120689655172,0.0165697616645079,0.021037672199382,5.97859908030001,6.8235703666932,0.0320440108892922,0.0381796726226652,0.47881332583944,NA,0.170498084291188,0.20554272517321
"M_PL_063","Pollination",56,9,0,9,NA,2.35714285714286,14.6666666666667,14.6666666666667,0.170253673094582,0.170253673094582,67.5269386452596,67.5269386452596,0.261904761904762,0.261904761904762,4.88888888888889,NA,0,0
"M_PL_064","Pollination",14,8,2,6,0.142857142857143,2.14285714285714,5,4,0.31591796875,0.269444444444444,50.4901960784314,52.751572327044,0.285714285714286,0.357142857142857,1.03571428571429,NA,0.25,0.333333333333333
"M_PL_065","Pollination",21,5,0,5,NA,2.0952380952381,8.8,8.8,0.174070247933884,0.174070247933884,56.9895382395382,56.9895382395382,0.419047619047619,0.419047619047619,3.5,NA,0,0
"M_PL_066","Pollination",31,5,0,5,NA,2.35483870967742,14.6,14.6,0.134265340589229,0.134265340589229,62.9949641906624,62.9949641906624,0.470967741935484,0.470967741935484,6.3,NA,0,0
"M_PL_067","Pollination",31,5,0,5,NA,1.90322580645161,11.8,11.8,0.236569951163459,0.236569951163459,63.5055821371611,63.5055821371611,0.380645161290323,0.380645161290323,5.1,NA,0,0
"M_PL_068","Pollination",31,9,1,8,0.032258064516129,2.64516129032258,10.25,9.22222222222222,0.226012483669618,0.219586555621654,54.2560117859519,56.6577320583406,0.297491039426523,0.330645161290323,2.91666666666667,NA,0.111111111111111,0.125
"M_PL_069_01","Pollination",19,6,0,6,NA,1.84210526315789,5.83333333333333,5.83333333333333,0.328571428571429,0.328571428571429,39.0681003584229,39.0681003584229,0.307017543859649,0.307017543859649,1.86666666666667,NA,0,0
"M_PL_070","Pollination",8,8,0,8,NA,5.125,5.125,5.125,0.132956573468174,0.132956573468174,68.6607142857143,68.6607142857143,0.640625,0.640625,3.67857142857143,NA,0,0
"M_PL_071","Pollination",44,8,3,5,0.0681818181818182,1.95454545454545,17.2,11.125,0.278626436056054,0.254529475392104,50.9080131025716,52.2413578402072,0.252840909090909,0.390909090909091,2.21428571428571,NA,0.375,0.6
"M_PL_072_01","Pollination",39,67,32,35,0.82051282051282,4,4.45714285714286,2.80597014925373,0.34824864191942,0.298816568047337,20.1615378279504,29.6965721353476,0.0719479525449675,0.123809523809524,0.353233830845774,NA,0.477611940298507,0.914285714285714
"M_PL_072_02","Pollination",33,63,28,35,0.848484848484848,4.33333333333333,4.08571428571429,2.71428571428571,0.433962586778838,0.353635874614896,22.5995824454107,25.5547057586471,0.0822510822510823,0.127678571428571,0.447516641065032,NA,0.444444444444444,0.8
"M_PL_072_03","Pollination",38,79,31,48,0.81578947368421,5.52631578947368,4.375,3.0506329113924,0.374218763451043,0.274614512471655,23.5475266582858,28.1956756270257,0.0802798134576949,0.118243243243243,0.506978253813703,NA,0.392405063291139,0.645833333333333
"M_PL_072_04","Pollination",25,69,28,41,1.12,6.56,4,2.78260869565217,0.338704427083333,0.326795806067817,31.0575983603195,39.7503120358959,0.111304347826087,0.166666666666667,0.676896845694794,NA,0.405797101449275,0.682926829268293
"M_PL_072_05","Pollination",17,67,36,31,2.11764705882353,6,3.29032258064516,2.05970149253731,0.356358958202058,0.252066512879662,39.4399810152423,42.7969252969253,0.121158911325724,0.205645161290323,0.680687471732248,NA,0.537313432835821,1.16129032258065
"M_PL_072_06","Pollination",36,58,24,34,0.666666666666667,4.19444444444444,4.44117647058824,3.01724137931034,0.424375510204082,0.350532871365291,27.852068300405,32.8950036411109,0.0838122605363985,0.126890756302521,0.530550514216579,NA,0.413793103448276,0.705882352941177
"M_PL_072_07","Pollination",24,58,22,36,0.916666666666667,6.20833333333333,4.13888888888889,2.94827586206897,0.351202079272255,0.313994865096167,32.2870132862357,38.4394380628809,0.122844827586207,0.179951690821256,0.67937084089534,NA,0.379310344827586,0.611111111111111
"M_PL_072_08","Pollination",33,61,18,43,0.545454545454546,5.24242424242424,4.02325581395349,3.13114754098361,0.391518872837916,0.370911156403488,33.3737508286684,34.1101865451474,0.094883258817685,0.125726744186047,0.75081967213115,NA,0.295081967213115,0.418604651162791
"M_PL_072_09","Pollination",28,48,19,29,0.678571428571429,4.03571428571429,3.89655172413793,2.75,0.442263544536272,0.307150129219203,31.3507346276271,36.0484008267809,0.0982142857142857,0.139162561576355,0.600177304964538,NA,0.395833333333333,0.655172413793103
"M_PL_072_10","Pollination",22,66,28,38,1.27272727272727,6.36363636363636,3.68421052631579,2.54545454545455,0.36844529478458,0.29765306122449,27.0745568739635,30.8514068016209,0.115702479338843,0.167464114832536,0.4979020979021,NA,0.424242424242424,0.736842105263158
"M_PL_072_11","Pollination",34,74,26,48,0.764705882352941,6.38235294117647,4.52083333333333,3.28378378378378,0.310377821809006,0.264191212385058,27.4919533426584,33.0162062835282,0.0965818759936407,0.13699494949495,0.672713809700118,NA,0.351351351351351,0.541666666666667
"M_PL_072_12","Pollination",34,68,28,40,0.823529411764706,5.88235294117647,5,3.35294117647059,0.357071406586642,0.2672625,30.3591176151937,35.3915069519096,0.0986159169550173,0.147058823529412,0.637840210711153,NA,0.411764705882353,0.7
"M_PL_073","Pollination",31,42,0,42,NA,6.41935483870968,4.73809523809524,4.73809523809524,0.233655715764753,0.233655715764753,45.1333993641686,45.1333993641686,0.15284178187404,0.15284178187404,1.57142857142857,NA,0,0
"M_PL_074_01","Pollination",65,19,3,16,0.0461538461538462,2.89230769230769,11.75,10.0526315789474,0.185041528466873,0.207659008601177,48.1991982626826,47.4074524042266,0.154655870445344,0.180769230769231,2.53216374269006,NA,0.157894736842105,0.1875
"M_PL_074_02","Pollination",49,20,4,16,0.0816326530612245,3.91836734693878,12,9.8,0.0982793627655144,0.0798475477430555,58.2039569760934,60.2582565335177,0.2,0.244897959183673,2.26842105263158,NA,0.2,0.25
"M_PL_074_03","Pollination",46,15,0,15,NA,5.80434782608696,17.8,17.8,0.0144131633211296,0.0144131633211296,51.7135282696526,51.7135282696526,0.38695652173913,0.38695652173913,7.6952380952381,NA,0,0
"M_PL_074_04","Pollination",57,9,0,9,NA,3.28070175438596,20.7777777777778,20.7777777777778,0.149947095999314,0.149947095999314,48.9003677422795,48.9003677422795,0.364522417153996,0.364522417153996,8.02777777777778,NA,0,0
"M_PL_074_05","Pollination",29,14,2,12,0.0689655172413793,3.41379310344828,8.25,7.21428571428571,0.121017547299284,0.128048158351189,47.8499968062342,47.4006675410277,0.248768472906404,0.28448275862069,2.26373626373626,NA,0.142857142857143,0.166666666666667
"M_PL_074_06","Pollination",29,15,1,14,0.0344827586206897,3.03448275862069,6.28571428571429,5.93333333333333,0.383979295543492,0.37370867768595,33.8509294575831,35.0056840097082,0.204597701149425,0.216748768472906,1.34285714285714,NA,0.0666666666666667,0.0714285714285714
"M_PL_074_07","Pollination",40,11,3,8,0.075,1.6,8,6.09090909090909,0.42281131655157,0.423583984375,30.7984031936128,29.9711221122112,0.152272727272727,0.2,1.05454545454545,NA,0.272727272727273,0.375
"M_PL_074_08","Pollination",42,12,1,11,0.0238095238095238,2.30952380952381,8.81818181818182,8.16666666666667,0.33387130362349,0.348389839515358,31.574449462799,31.7079854279636,0.194444444444444,0.20995670995671,1.83333333333333,NA,0.0833333333333333,0.0909090909090909
"M_PL_074_09","Pollination",50,9,0,9,NA,1.86,10.3333333333333,10.3333333333333,0.465545149728292,0.465545149728292,36.7317133038782,36.7317133038782,0.206666666666667,0.206666666666667,2.66666666666667,NA,0,0
"M_PL_074_10","Pollination",35,12,5,7,0.142857142857143,2.17142857142857,10.8571428571429,6.75,0.184346898338668,0.124740304709141,55.6717888001187,58.1721629819456,0.192857142857143,0.310204081632653,1.27272727272727,NA,0.416666666666667,0.714285714285714
"M_PL_074_11","Pollination",23,16,2,14,0.0869565217391304,5.26086956521739,8.64285714285714,7.6875,0.0758477096966092,0.0536507069189263,68.7014177362702,70.7497976829372,0.334239130434783,0.375776397515528,2.90833333333333,NA,0.125,0.142857142857143
"M_PL_074_12","Pollination",26,12,4,8,0.153846153846154,1.57692307692308,5.125,3.75,0.446913580246914,0.408982748364069,42.0289855072464,40.9584513692163,0.144230769230769,0.197115384615385,0.484848484848485,NA,0.333333333333333,0.5
"M_PL_074_13","Pollination",28,11,2,9,0.0714285714285714,2.78571428571429,8.66666666666667,7.27272727272727,0.2996875,0.28344838921762,45.2825850054488,45.3317857665684,0.25974025974026,0.30952380952381,2.12727272727273,NA,0.181818181818182,0.222222222222222
"M_PL_074_14","Pollination",28,11,2,9,0.0714285714285714,1.67857142857143,5.22222222222222,4.45454545454545,0.518950437317784,0.493888637392485,26.0035191905862,27.8454534268488,0.159090909090909,0.193415637860082,0.618181818181818,NA,0.181818181818182,0.222222222222222
"M_PL_074_15","Pollination",25,9,5,4,0.2,1.32,8.25,4.22222222222222,0.452562326869806,0.383838383838384,43.7400793650794,39.9673202614379,0.168888888888889,0.33,0.5,NA,0.555555555555556,1.25
"M_PL_074_16","Pollination",23,13,0,13,NA,4.04347826086957,7.15384615384615,7.15384615384615,0.277777777777778,0.277777777777778,42.4827362969357,42.4827362969357,0.311036789297659,0.311036789297659,3.24358974358974,NA,0,0
"M_PL_074_17","Pollination",49,6,0,6,NA,1.53061224489796,12.5,12.5,0.454577777777778,0.454577777777778,30.3734356882971,30.3734356882971,0.255102040816327,0.255102040816327,2.46666666666667,NA,0,0
"M_PL_074_18","Pollination",22,13,3,10,0.136363636363636,2.68181818181818,5.9,4.76923076923077,0.375390218522373,0.359379488652686,33.7509631684389,32.8286749482402,0.216783216783217,0.268181818181818,1.08974358974359,NA,0.230769230769231,0.3
"M_SD_001","Seed Dispersal",7,21,10,11,1.42857142857143,5.71428571428571,3.63636363636364,2.38095238095238,0.1752,0.10125,50.9802102659246,61.2687969924812,0.340136054421769,0.519480519480519,0.919047619047619,NA,0.476190476190476,0.909090909090909
"M_SD_002","Seed Dispersal",31,9,0,9,NA,3.83870967741935,13.2222222222222,13.2222222222222,0.0214674104936092,0.0214674104936092,67.6600550702347,67.6600550702347,0.426523297491039,0.426523297491039,7.38888888888889,NA,0,0
"M_SD_003","Seed Dispersal",25,16,6,10,0.24,2.48,6.2,4.25,0.334018166089965,0.30085848074922,44.6967992325135,43.561872909699,0.17,0.248,1.05,NA,0.375,0.6
"M_SD_004","Seed Dispersal",34,20,9,11,0.264705882352941,2.52941176470588,7.81818181818182,4.75,0.345761772853186,0.2796106003245,43.3779299558261,48.5532549211795,0.139705882352941,0.236914600550964,0.957894736842105,NA,0.45,0.818181818181818
"M_SD_005","Seed Dispersal",25,13,4,9,0.16,1.8,5,3.76923076923077,0.530612244897959,0.502716049382716,29.6932476694381,28.3701814058957,0.150769230769231,0.2,0.705128205128205,NA,0.307692307692308,0.444444444444444
"M_SD_006","Seed Dispersal",21,15,7,8,0.333333333333333,2.0952380952381,5.5,3.4,0.45444059976932,0.388429752066116,34.1655328798186,39.0519877675841,0.161904761904762,0.275,0.761904761904762,NA,0.466666666666667,0.875
"M_SD_007","Seed Dispersal",72,7,1,6,0.0138888888888889,1.97222222222222,23.6666666666667,20.4285714285714,0.284145924006064,0.28394663757191,51.6734575087311,51.794049008168,0.283730158730159,0.328703703703704,5.19047619047619,NA,0.142857142857143,0.166666666666667
"M_SD_008","Seed Dispersal",16,10,0,10,NA,6.875,11,11,0,0,74.571312525858,74.571312525858,0.6875,0.6875,7.97777777777778,NA,0,0
"M_SD_009","Seed Dispersal",7,18,12,6,1.71428571428571,3.71428571428571,4.33333333333333,2.11111111111111,0.320983379501385,0.0266272189349113,34.2432950191571,68.5648148148148,0.301587301587302,0.619047619047619,0.686274509803922,NA,0.666666666666667,2
"M_SD_010","Seed Dispersal",50,14,0,14,NA,4.68,16.7142857142857,16.7142857142857,0.0386532982686829,0.0386532982686829,48.9213564213564,48.9213564213564,0.334285714285714,0.334285714285714,7.43956043956044,NA,0,0
"M_SD_011","Seed Dispersal",29,28,4,24,0.137931034482759,8.20689655172414,9.91666666666667,8.64285714285714,0.0556570589440612,0.0300826212838077,64.5388648947975,66.5090508678891,0.298029556650246,0.341954022988506,2.95767195767196,NA,0.142857142857143,0.166666666666667
"M_SD_012","Seed Dispersal",35,29,7,22,0.2,3.97142857142857,6.31818181818182,5.03448275862069,0.232055732782886,0.219243310387661,35.492496736253,37.7357133047205,0.14384236453202,0.180519480519481,1.11576354679803,NA,0.241379310344828,0.318181818181818
"M_SD_013","Seed Dispersal",36,19,0,19,NA,5.47222222222222,10.3684210526316,10.3684210526316,0.331894663608957,0.331894663608957,37.3678779952188,37.3678779952188,0.288011695906433,0.288011695906433,4.05263157894737,NA,0,0
"M_SD_014","Seed Dispersal",16,17,0,17,NA,7.5625,7.11764705882353,7.11764705882353,0.0783416433303736,0.0783416433303736,78.755788482351,78.755788482351,0.444852941176471,0.444852941176471,3.83088235294118,NA,0,0
"M_SD_015","Seed Dispersal",5,27,1,26,0.2,17,3.26923076923077,3.18518518518519,0.0251487290427258,0.0242906574394464,67.3437980917205,67.5241439859526,0.637037037037037,0.653846153846154,2.1994301994302,NA,0.037037037037037,0.0384615384615385
"M_SD_016","Seed Dispersal",24,61,13,48,0.541666666666667,20.2916666666667,10.1458333333333,8.19672131147541,0.00495000000000002,0.00137876366641508,58.8381063116065,64.3369557296462,0.341530054644809,0.422743055555556,3.13442622950819,NA,0.213114754098361,0.270833333333333
"M_SD_017","Seed Dispersal",16,8,0,8,NA,4.5,9,9,0.0793788580246913,0.0793788580246913,60.1164638664639,60.1164638664639,0.5625,0.5625,5.10714285714286,NA,0,0
"M_SD_018","Seed Dispersal",29,32,17,15,0.586206896551724,1.68965517241379,3.26666666666667,2.0625,0.590335169880624,0.512911286963765,11.2060500475135,16.8671369782481,0.0711206896551724,0.130666666666667,0.193548387096774,NA,0.53125,1.13333333333333
"M_SD_019","Seed Dispersal",169,40,0,40,NA,3.94082840236686,16.65,16.65,0.328526724923121,0.328526724923121,32.8719104670116,32.8719104670116,0.0985207100591716,0.0985207100591716,3.36794871794872,NA,0,0
"M_SD_020","Seed Dispersal",25,33,8,25,0.32,5.68,5.68,4.54545454545455,0.1326,0.116271573100575,58.9781880089851,55.7399791972161,0.181818181818182,0.2272,1.60795454545455,NA,0.242424242424242,0.32
"M_SD_021","Seed Dispersal",18,28,5,23,0.277777777777778,6.88888888888889,5.39130434782609,4.60714285714286,0.176912445165555,0.0898803329864724,61.5233312408454,59.5723864258347,0.255952380952381,0.29951690821256,1.87037037037037,NA,0.178571428571429,0.217391304347826
"M_SD_022","Seed Dispersal",207,110,24,86,0.115942028985507,5.29951690821256,12.7558139534884,10.1909090909091,0.199499698004442,0.160357368110094,16.8095606815511,16.9687908199532,0.0492314448836188,0.0616222896303786,1.08356964136779,NA,0.218181818181818,0.27906976744186
"M_SD_023","Seed Dispersal",15,8,2,6,0.133333333333333,2.4,6,4.75,0.216412742382271,0.195987654320988,66.797350519155,65.7003968253968,0.316666666666667,0.4,1.85714285714286,NA,0.25,0.333333333333333
"M_SD_024","Seed Dispersal",12,7,0,7,NA,3.33333333333333,5.71428571428571,5.71428571428571,0.120625,0.120625,56.8281335522715,56.8281335522715,0.476190476190476,0.476190476190476,2.76190476190476,NA,0,0
"M_SD_025","Seed Dispersal",10,13,0,13,NA,4.3,3.30769230769231,3.30769230769231,0.288263926446728,0.288263926446728,50.5826558265583,50.5826558265583,0.330769230769231,0.330769230769231,1.44871794871795,NA,0,0
"M_SD_028","Seed Dispersal",8,5,0,5,NA,3.25,5.2,5.2,0.0170118343195266,0.0170118343195266,89.4736842105263,89.4736842105263,0.65,0.65,3.7,NA,0,0
"M_SD_031","Seed Dispersal",42,8,0,8,NA,2,10.5,10.5,0.235615079365079,0.235615079365079,40.230464612976,40.230464612976,0.25,0.25,3.07142857142857,NA,0,0
"M_SD_033","Seed Dispersal",13,11,3,8,0.230769230769231,3.84615384615385,6.25,4.81818181818182,0.0388038447846209,0.0558,73.8972431077694,76.1433063791554,0.370629370629371,0.480769230769231,2.01818181818182,NA,0.272727272727273,0.375
"M_SD_034","Seed Dispersal",33,88,34,54,1.03030303030303,11.6666666666667,7.12962962962963,4.76136363636364,0.093357864218135,0.05403946702648,34.5848573716498,45.3476364207394,0.144283746556474,0.216049382716049,1.0203761755486,NA,0.386363636363636,0.62962962962963
