"hosts","viruses","prop_false"
248,1246,0.332991803278688
250,1484,0.281736281736282
1233,4606,0.0442406258429997
721,3022,0.130114566284779
731,3364,0.112820512820513
1547,5425,0.00207134637514383
884,3411,0.118656443957649
280,1325,0.295603367633302
1120,3646,0.0851360781577111
1162,4124,0.0586249232658073
1289,4813,0.0339026915113871
717,3249,0.135307346326837
52,349,0.681818181818182
79,364,0.446601941747573
1292,4600,0.0390070921985816
558,2236,0.19104991394148
1370,5033,0.0244504816003952
619,2298,0.203305785123967
604,2307,0.192287091590787
858,3274,0.129385137683893
107,546,0.443010752688172
1165,4283,0.0553765016114856
1350,4817,0.0315980315980317
694,2738,0.163023679417122
318,1486,0.297619047619048
1282,4408,0.0431305341331049
1354,4890,0.0287898089171974
1450,5159,0.0161953106115542
315,1356,0.346441947565543
682,2643,0.177735308170091
46,208,0.552631578947368
1171,4396,0.0671328671328671
1351,4579,0.0389254385964912
275,1501,0.263900414937759
1205,4174,0.0598676293622142
1533,5091,0.014528441270623
969,3697,0.0913102511880516
106,560,0.474725274725275
888,3510,0.103937566512948
94,476,0.434010152284264
1471,5196,0.0150970524802301
608,2457,0.174860618347694
1202,4247,0.0571343990526939
911,3802,0.085610800131709
1410,4879,0.0294268167860798
1105,4005,0.0695706675023504
1557,5377,0.00441142326445321
636,2351,0.180988184747583
1033,4005,0.0757245247740729
737,2965,0.14364406779661
997,4034,0.06375
352,1748,0.262043795620438
1107,4444,0.0504342953208181
855,3113,0.135512156237545
1344,4625,0.0382528486163863
949,3514,0.100791936645068
725,2914,0.139245929734362
1473,5066,0.0220967345936656
1134,4197,0.0548890221955609
707,2562,0.172531769305963
279,1596,0.239624119028974
868,3388,0.106587712805329
607,2283,0.167684619655747
512,1875,0.21768251841929
1229,3987,0.0661392405063291
1544,5085,0.0103986135181976
928,3557,0.0934182590233545
938,3739,0.0979415670650731
271,1235,0.291666666666667
757,3023,0.136513157894737
1267,4589,0.0398471615720524
514,2418,0.182055294731351
765,2958,0.154396297854438
1530,5285,0.00615821885362389
352,1657,0.273730684326711
1183,4507,0.0478296931158418
248,1228,0.314172447968285
362,2027,0.198407838334354
882,3995,0.0700656865811699
497,2256,0.192056583242655
156,761,0.40983606557377
184,922,0.351752021563342
701,2652,0.146564151850072
928,3691,0.0884445950525246
185,1064,0.346727898966705
1176,4392,0.0475644699140401
506,2077,0.218343195266272
595,2171,0.213256484149856
1529,5315,0.00353690167413345
1110,3896,0.0788714331516511
134,461,0.478609625668449
649,2760,0.137585421412301
888,3494,0.108147080028839
1467,5181,0.0177628420547288
1553,5400,0.00484764542936289
1281,4903,0.025974025974026
1003,3787,0.0832507433102081
654,2426,0.175897435897436
902,3536,0.10308182784272
552,2469,0.185987903225806
571,2689,0.149510945505356
178,786,0.40224358974359
467,1938,0.226977950713359
755,2720,0.156106519742883
726,2687,0.150562851782364
579,2448,0.178719008264463
992,3468,0.111756168359942
1273,4742,0.037522959853057
804,3234,0.131457208943716
602,2789,0.154496883348175
679,3049,0.127668308702791
1071,3650,0.0929587235518557
911,3409,0.115285451197053
535,2614,0.168416030534351
858,3543,0.10740354535975
539,2113,0.201298701298701
1233,4519,0.0379676158570631
1178,4386,0.0510407755916737
275,1673,0.280948851000741
288,1529,0.283496732026144
173,1163,0.32340862422998
723,2411,0.181074168797954
41,194,0.666666666666667
1000,3940,0.0827020202020202
1022,3762,0.085113484646195
1087,4145,0.0647590361445783
386,1739,0.247660187185025
1083,4234,0.0586847537599529
971,3438,0.112563543936093
347,2078,0.229460093896714
1245,4324,0.0607194244604317
570,2250,0.191841234840132
146,941,0.333333333333333
857,3475,0.105092091007584
1312,4437,0.038560411311054
188,817,0.43161094224924
690,2445,0.173571054011536
840,3407,0.108455882352941
7,27,0.730769230769231
1446,4832,0.0290305857957491
1558,5301,0.0101010101010101
1228,4217,0.0629266844761057
1440,4714,0.0286479250334672
340,1434,0.267532467532468
229,1303,0.336510962821735
460,1734,0.242424242424242
980,4211,0.0653133274492498
1248,4608,0.0451107509454349
1553,5367,0.00465332712889721
1232,4534,0.0532495903877662
1286,4382,0.0520446096654275
1087,4369,0.0506582713222667
487,2094,0.217775161859918
763,2875,0.148851590106007
1041,3832,0.0894071914480078
517,2298,0.193048128342246
641,2565,0.16591704147926
162,1107,0.314754098360656
664,2632,0.163784822286263
1197,4305,0.0570188133140376
1283,4418,0.0482680295286769
1302,4660,0.0334141740770681
61,290,0.495934959349594
962,4014,0.0692546583850931
1299,4658,0.0363881401617251
89,498,0.406103286384977
543,2461,0.183995922528033
786,2870,0.147475642161205
438,1611,0.267496111975117
887,3308,0.118089507333584
396,1835,0.250336473755047
514,2429,0.181724315952504
1000,3967,0.082680864390855
770,3010,0.139621087314662
331,1381,0.313473877176902
522,2088,0.199641362821279
839,3298,0.11638418079096
1013,3916,0.0841804320203303
1436,5135,0.0169985429820301
683,2535,0.176046176046176
1534,5328,0.00702740688685877
653,2431,0.186728395061728
1376,4727,0.0239043824701195
1201,4200,0.0651917404129794
1253,4240,0.0573794735285419
188,1026,0.324324324324324
939,3582,0.0885854341736695
670,2566,0.173200992555831
1217,4558,0.0517147523135547
266,1248,0.340931615460852
985,3720,0.0867810292633703
1086,4032,0.0663138231631383
1012,3795,0.0811081441922563
1206,4466,0.0512963479230555
632,2546,0.174087043521761
398,2008,0.217088607594937
311,1375,0.291887125220459
564,2334,0.185363247863248
463,2214,0.202127659574468
1418,4976,0.0318487185867131
169,953,0.365979381443299
159,747,0.42512077294686
307,1272,0.308926780341023
748,3116,0.128968253968254
1082,4381,0.0517339397384877
1425,4606,0.0431478968792401
1342,4633,0.0308237861429351
902,3565,0.101913043478261
1496,5369,0.00857076673615942
68,576,0.433852140077821
1128,4220,0.0613333333333334
1040,3920,0.0771446862996159
880,3130,0.113867425782839
49,281,0.57429718875502
180,1059,0.32013201320132
1517,5288,0.00779588944011345
1348,4804,0.0233595800524934
1064,4014,0.0701754385964912
1539,5320,0.00750469043151969
404,1551,0.28130081300813
915,3321,0.122097378277154
365,1513,0.2821341956346
1502,5127,0.0153546185717768
1365,4862,0.0302254098360656
861,3290,0.120669965740388
1435,4801,0.0231457127827459
1089,4111,0.0674531155474895
931,3290,0.114018691588785
275,1354,0.296125461254613
799,3128,0.13215859030837
150,806,0.360123647604328
1024,3883,0.0729166666666666
773,3051,0.126990608411597
857,2913,0.150690846286701
914,3556,0.102026554856744
38,282,0.623931623931624
77,410,0.551428571428571
122,943,0.345724907063197
579,2223,0.19504132231405
791,3505,0.106238859180036
530,2158,0.190998268897865
581,2349,0.194459243473628
699,2755,0.159622302158273
462,2135,0.195677570093458
189,1010,0.366081871345029
1091,4049,0.0671618693902817
1194,4740,0.0324795352521785
452,1839,0.220796758946658
297,1304,0.316479400749064
1201,4502,0.0581299698382232
938,3657,0.0881742738589212
1088,4116,0.0699088145896657
1289,4822,0.0295643153526971
405,1795,0.269017980636238
847,3148,0.13261217948718
702,2627,0.167644183773216
718,2964,0.127147766323024
1182,4167,0.0602228244504667
659,2390,0.172213417855256
322,1328,0.296844181459566
1379,4997,0.0224775224775224
597,2256,0.193883439122908
1547,5396,0.00393154486586489
1250,4620,0.0414409534127844
73,711,0.415032679738562
1033,4063,0.0703794369645043
1145,4269,0.0618436406067678
1348,4943,0.0328238536707592
208,727,0.413005272407733
822,3056,0.142506142506142
1358,4859,0.0287843741968645
570,2702,0.153846153846154
1278,4653,0.0404717233985527
680,2665,0.178301886792453
1059,3570,0.0895258315640481
136,585,0.495884773662551
1084,3719,0.0945040214477212
552,2338,0.188197767145136
177,693,0.398230088495575
44,229,0.761194029850746
531,2378,0.195461578133058
107,421,0.487671232876712
1328,4759,0.0318588730911006
1241,4503,0.0428730512249443
474,2182,0.227014755959137
1248,4601,0.0368449781659389
940,3978,0.083645443196005
611,2698,0.159584513692162
831,3368,0.103318250377074
522,1730,0.270485859318347
425,1775,0.222382671480144
418,1680,0.263629574309186
1545,5335,0.00771208226221076
680,2496,0.178751258811682
1530,5325,0.00633356790992257
460,2293,0.183189655172414
1530,5353,0.00117123448114309
25,169,0.544871794871795
1101,4386,0.0594868903298562
1230,4342,0.0575931232091691
1316,4828,0.0354847004371304
1394,4899,0.0245336059289548
342,1691,0.244252873563218
398,1639,0.256923076923077
433,1801,0.224606580829757
975,3665,0.0918402185046091
720,3192,0.128476302389346
1071,3913,0.0739425250242169
778,2813,0.14918824045634
670,3216,0.125431530494822
185,788,0.38301282051282
1217,4588,0.0417007358953393
1550,5338,0.00701098387473709
351,1397,0.296229802513465
936,3522,0.092964824120603
73,373,0.588235294117647
468,2144,0.241220495106505
384,1882,0.233333333333333
1103,4181,0.0680534918276374
919,3473,0.10377358490566
1508,5362,0.00558529206423086
905,3465,0.102239884393064
1328,4838,0.0312016503352244
1459,5176,0.0196548418024928
184,1371,0.283201407211961
1529,5326,0.00795693891879246
1530,5224,0.0088665228852145
1237,4205,0.0620730620730621
1188,4143,0.0662031438935913
1554,5395,0.00300995600833531
1278,4386,0.0553034600113443
1033,3457,0.109289617486339
1385,4905,0.0274669379450662
1218,4484,0.0464985994397759
631,2727,0.162322816643804
1166,4227,0.0635530594147207
500,1844,0.239754098360656
1226,4330,0.0587557603686636
1211,4722,0.0425755584756898
1356,4951,0.0320240180135102
1194,4227,0.0529781502544149
645,2428,0.210392256749873
766,2889,0.135229759299781
1518,5300,0.0108057317359643
1248,4755,0.0343832020997376
1241,4556,0.0454669953437414
526,2473,0.173783515392254
1467,5098,0.0214529497805949
858,3216,0.11600471883602
1403,4718,0.030609528879425
943,3439,0.114748201438849
1359,4901,0.0287678207739308
410,1948,0.22020725388601
1015,3911,0.075224071702945
784,2902,0.143298059964727
1239,4129,0.0658610271903324
371,1765,0.263927576601671
53,315,0.647509578544061
785,3265,0.124436090225564
1156,4594,0.0404040404040404
1216,4285,0.0626995645863571
774,3018,0.145274453157243
1444,4949,0.0262228946041352
458,1533,0.287278854254423
1073,4248,0.0584950029394474
696,2944,0.155778894472362
434,1955,0.214147909967846
1261,4781,0.0403726708074534
163,812,0.447368421052632
1336,4755,0.0379581151832461
1355,4710,0.0352691593741713
59,488,0.497695852534562
684,3047,0.129690048939641
1473,5081,0.0148001973359645
568,2143,0.208139534883721
1363,4692,0.0352846832397755
881,3535,0.0941977077363897
546,2057,0.220253164556962
1096,4170,0.0651651651651651
1056,4179,0.0643327348892878
1168,4202,0.0572541966426858
272,1155,0.348886532343584
1266,4535,0.043141592920354
399,2016,0.215818516247701
48,238,0.648241206030151
1581,5448,0.000229357798165131
1445,4998,0.0190523940837303
209,1050,0.396634615384615
914,3905,0.0814508431434935
627,2487,0.162273901808786
1296,4647,0.0392578650174779
1339,4688,0.0461133069828722
131,509,0.509661835748792
1543,5368,0.00534635053463506
271,1495,0.271666666666667
384,1635,0.27286470143613
473,2496,0.155364372469636
132,525,0.421739130434783
1245,4462,0.047124824684432
1063,3903,0.0740977323538805
1004,3580,0.0958083832335329
1318,4877,0.0273797338792221
1533,5281,0.0131764705882353
504,2805,0.161290322580645
314,1409,0.281873373807459
60,244,0.586206896551724
316,1515,0.272433306386419
374,1709,0.261504747991234
884,3360,0.113451589061345
159,888,0.368638239339752
1356,4542,0.0379817022456335
1376,4593,0.0406437534097108
1555,5379,0.00510204081632648
1267,4984,0.0268991282689913
1087,4114,0.070392749244713
364,1624,0.261068702290076
349,1521,0.270973154362416
501,2128,0.204332552693208
455,1936,0.241650294695481
380,1586,0.256289308176101
1321,4451,0.0427883253046188
439,1837,0.236895847515317
282,1240,0.35819430814524
331,1559,0.267460317460318
348,1792,0.267576791808874
826,3417,0.106686152721958
998,3524,0.117791842475387
1194,4138,0.0689238210399032
627,2612,0.182075471698113
577,2515,0.166500994035785
1068,4385,0.0597395243488109
156,606,0.444672131147541
777,2991,0.136074607884697
744,2464,0.181268882175227
1310,4785,0.0314053912588328
574,2208,0.204972375690608
1346,4585,0.043086992091628
1533,5304,0.00940070505287893
1055,3907,0.0745740919318547
1288,4394,0.0540386803185438
1313,4515,0.050427114907688
339,1685,0.247619047619048
1493,4910,0.0209933435739887
1324,4842,0.0316602316602317
1394,4869,0.0307219662058372
373,1636,0.257410296411856
1292,4621,0.0486820871436257
543,2409,0.196805770221535
440,2292,0.200425305688464
1479,5183,0.0132466281310212
911,3439,0.116840966462315
872,3468,0.107116920842411
1030,3890,0.0816457730633237
1403,5088,0.016220201523716
669,2745,0.160845588235294
961,3456,0.101608187134503
1339,4936,0.0294561933534743
51,237,0.586206896551724
330,1480,0.307435254803676
570,2485,0.189505858380031
199,1213,0.327689243027888
1254,4657,0.0392313851080864
90,508,0.533816425120773
403,2198,0.187995469988675
540,2048,0.215950920245399
73,382,0.49702380952381
1316,4622,0.0353452963567156
853,3547,0.100981767180926
259,1113,0.342541436464088
977,4007,0.0764925373134329
998,3626,0.0938803894297635
613,2609,0.171387421987518
583,2396,0.183040330920372
813,2997,0.138737985791893
479,2447,0.177052423343225
264,1255,0.297376093294461
819,3293,0.131086142322097
30,264,0.588983050847458
590,2888,0.155068728522337
210,790,0.34012539184953
526,2233,0.213096559378468
39,217,0.691860465116279
1422,5096,0.0130477597242737
716,2606,0.158699808795411
701,3528,0.100141542816702
611,2323,0.200969827586207
1058,4287,0.0600173963467672
822,3561,0.10180681028492
70,296,0.608695652173913
1192,4537,0.0441822173435785
94,576,0.406570841889117
711,2516,0.166158536585366
1339,4796,0.0323084940072955
473,1826,0.243885869565217
176,1377,0.321148825065274
414,1720,0.247445255474453
849,3538,0.11529083942877
657,2555,0.170482221139795
1243,4641,0.0418791946308725
846,3758,0.0869276708692767
685,2287,0.182513661202186
745,2813,0.159335727109515
324,1529,0.296989422294548
1570,5447,0.00137488542621444
1276,4654,0.0387200860446356
481,2108,0.197223828802776
726,3189,0.140445126630852
1014,3561,0.105502979320014
850,3112,0.127272727272727
826,3148,0.141673243883189
1323,4637,0.0328804347826087
643,2980,0.118123667377399
1316,4722,0.0440713536201469
1331,4850,0.0296239052035033
619,2175,0.20746887966805
939,3625,0.0933424845573095
523,2333,0.207889125799574
1098,3563,0.110062893081761
780,3367,0.118425891872012
675,2551,0.180938558297049
293,1226,0.370680628272251
924,3395,0.10781771026306
22,157,0.58041958041958
704,2754,0.165607985480944
87,464,0.473145780051151
1070,3767,0.0909390444810544
584,2438,0.185867895545315
1438,4983,0.0166498486377397
1205,4580,0.0415982484948002
330,1314,0.34225621414914
1390,4762,0.0256749602964531
1406,4940,0.026468364003025
986,3616,0.101178101178101
799,2806,0.154153709462461
181,1125,0.350676378772112
618,2188,0.220855301698887
276,1342,0.303491495076097
440,1684,0.257800891530461
1455,5004,0.0231862378459237
351,1592,0.275420336269015
1045,3760,0.0914816042426251
655,2579,0.161463414634146
124,857,0.408707865168539
392,2344,0.19271948608137
1131,4151,0.0701283199045061
693,2795,0.152317880794702
669,3234,0.121340523882897
496,2064,0.226829268292683
343,1622,0.262724550898204
602,2541,0.172983479105928
1403,5108,0.0182971456452793
104,655,0.453860640301318
952,3692,0.0863406408094435
775,3014,0.142682926829268
128,1005,0.356389214536929
617,2829,0.137053571428571
623,3002,0.140625
280,1634,0.258725341426404
1068,4195,0.0529482551143201
779,3174,0.121428571428571
410,2067,0.218523002421308
293,1809,0.251537935748462
1110,3978,0.0793157076205288
1419,4916,0.0214340392957387
769,3337,0.120733944954128
1491,5305,0.00776653330195343
81,456,0.51063829787234
34,419,0.484536082474227
1095,3956,0.0834908632640201
182,948,0.341494845360825
487,2225,0.209200438116101
554,2118,0.20517448856799
1332,4731,0.0304232804232805
920,3794,0.0746764022568869
24,58,0.666666666666667
1296,4513,0.0439469320066335
1197,4248,0.0646766169154229
480,2178,0.206033010813887
295,1474,0.249380677126342
1362,4783,0.0314053912588328
1193,4229,0.0574575766597202
168,896,0.37344398340249
42,201,0.474860335195531
1276,4579,0.0442139737991266
554,2223,0.180893159977388
563,2169,0.21746776084408
1042,3937,0.0820707070707071
549,2840,0.160698689956332
960,3610,0.103067907618063
215,1272,0.266859344894027
718,3083,0.126926196269262
1266,4538,0.0393678957582478
566,2116,0.236470588235294
1004,3595,0.111111111111111
97,604,0.442913385826772
997,3575,0.102501737317582
1491,5231,0.00908656145384978
719,2902,0.143101238786843
449,2133,0.212138728323699
1236,4493,0.0437447757035386
481,2125,0.216452742123687
1139,4256,0.0492874109263658
376,1962,0.235109717868339
952,3490,0.107283817725152
231,1023,0.382716049382716
914,3470,0.109786926688335
861,3802,0.0850228907782865
735,2805,0.153846153846154
644,2221,0.192198982475975
984,3764,0.0978260869565217
965,3951,0.0787916536904392
779,3287,0.112622826908541
1542,5409,0.00207852193995384
25,132,0.512605042016807
221,1382,0.289686098654709
1558,5372,0.00232937339855577
176,738,0.436688311688312
606,2430,0.189315352697095
1541,5302,0.00660221645838244
1179,4545,0.0524733533752392
569,2784,0.153641207815275
281,1617,0.248665141113654
1227,4273,0.056453984122317
13,80,0.616438356164384
441,2195,0.221040850587577
928,3345,0.116810183451891
1259,4426,0.0541982589160348
1380,4997,0.0287912633407793
142,584,0.418219461697723
1051,3798,0.0761050182784978
370,1781,0.255201109570042
1256,4910,0.0271711528694769
321,1770,0.254768392370572
251,1227,0.324242424242424
804,3063,0.130937629078893
708,2647,0.166350710900474
659,2449,0.180121089808274
1468,5014,0.0179955011247188
1038,3751,0.0825749915739804
345,1538,0.278135048231511
845,2990,0.133981403212172
921,3679,0.0950272479564033
916,3710,0.080354102826013
337,1517,0.247987117552335
1285,4472,0.0442825112107623
757,2961,0.139544688026982
1158,4459,0.0432827431141091
461,1839,0.228671328671329
1186,4569,0.0440251572327044
695,2592,0.176053005205868
457,1642,0.254946727549467
813,2688,0.154275092936803
1448,4999,0.021021021021021
259,1657,0.257724189902035
1304,4636,0.0369371798328391
601,2412,0.183705241307732
581,2292,0.183060109289617
310,1444,0.296675191815857
69,316,0.448529411764706
435,1849,0.241077441077441
1498,5072,0.0148331273176762
1295,4628,0.0382113821138211
1192,4164,0.075246342191699
112,667,0.412698412698413
1050,4107,0.0633759902498476
1296,4858,0.0300693909020817
1254,4582,0.045479302832244
783,2891,0.13439244310863
1400,4854,0.021049896049896
260,1324,0.266114180478821
408,1951,0.196040868454662
1490,5255,0.0125622185351979
760,2972,0.142368533561351
80,320,0.565543071161049
1335,4706,0.0312667022982362
1117,4145,0.0578210590383444
218,909,0.331015299026426
242,1187,0.31530612244898
1012,3649,0.0914403575111722
1112,3558,0.0990449239476476
1177,3966,0.0714739517153749
539,2514,0.16010101010101
982,3730,0.0990457387298453
1525,5338,0.00909514925373134
525,2341,0.173190348525469
941,3693,0.092292089249493
1006,3702,0.0890619708770741
405,1689,0.253333333333333
706,3196,0.129586260733802
1396,4703,0.0297268344938404
904,3454,0.103386167146974
1236,4382,0.0555078683834048
621,2590,0.160152526215443
960,3319,0.119865571321882
447,1493,0.304803493449782
1397,4808,0.0299741602067184
1542,5363,0.00396178047075268
238,860,0.39031339031339
179,1201,0.381889763779528
577,2325,0.181917808219178
974,3703,0.0840932117527862
380,1427,0.273747841105354
667,2767,0.165698972755694
397,1572,0.281803542673108
606,2369,0.193652501344809
72,416,0.519061583577713
613,2511,0.173490276356192
310,1362,0.345238095238095
624,2653,0.164109716410972
463,2045,0.227954409118176
836,3102,0.128331283312833
546,2249,0.193636862314866
1243,4739,0.034555526246373
539,2387,0.183695076760191
1485,5269,0.00618164526866383
606,2372,0.186680650235973
412,1538,0.282009724473258
888,3136,0.12286282306163
606,2114,0.209302325581395
1134,4043,0.0638629283489096
293,1251,0.294634146341463
1117,4181,0.0640143583607539
422,1518,0.244407622203811
899,3713,0.0967202141900937
1516,5315,0.0107627515208236
1568,5389,0.00185701021355622
701,2890,0.149455337690632
953,3254,0.107938991005084
641,2648,0.183000464468184
345,1710,0.259395725865881
510,2224,0.191343963553531
1063,4078,0.0684049079754602
141,855,0.379166666666667
1223,4440,0.0447718900538396
116,439,0.474934036939314
1549,5345,0.00653594771241828
922,3651,0.0965635738831615
1193,4338,0.0589244851258581
547,2697,0.152224824355972
176,945,0.378205128205128
786,2998,0.133939644481191
528,1819,0.235087719298246
162,759,0.407599309153713
1416,5005,0.0217065868263473
1534,5343,0.00630399252860148
433,1764,0.275124732715609
198,1193,0.347368421052632
1062,4070,0.0704615384615385
1116,4455,0.054205085219335
600,2839,0.15236818588025
1351,4893,0.0263292433537833
836,3084,0.125507717303006
318,1190,0.331161780673181
825,3216,0.127314814814815
851,3729,0.0904237570904237
396,1707,0.247041420118343
237,1310,0.291139240506329
1297,4792,0.0368257261410788
940,3351,0.114852225963337
931,3494,0.114620298083747
945,3596,0.0989277066758907
571,2085,0.210104744300678
1423,4910,0.0291730086250634
1447,4936,0.0311714429361488
134,686,0.414383561643836
583,2799,0.161887957653286
1472,5175,0.0189675870348139
1478,5110,0.0149436550710436
388,1596,0.284219001610306
676,2924,0.139991463935126
186,1016,0.330498177399757
1240,4619,0.0516318887105404
1254,4724,0.0410634377467755
728,2922,0.149508756941478
205,783,0.416666666666667
1046,4218,0.0613333333333334
70,483,0.45933014354067
1457,5070,0.011166253101737
461,1801,0.248266296809986
131,790,0.378254211332312
1119,4240,0.0542865618510827
482,2326,0.195201744820065
132,917,0.372282608695652
723,3079,0.125255832992223
833,3699,0.103355704697987
858,3452,0.10306612486147
743,3007,0.134831460674157
1244,4767,0.0355462624150549
588,2112,0.210836277974087
1229,4111,0.063777845590479
649,2507,0.172118772018118
563,2493,0.198525798525799
549,2102,0.214457831325301
1062,4195,0.0626662725391665
836,3318,0.111613876319759
1073,3928,0.0870248193528118
1067,3990,0.0719221105527639
990,3801,0.0872263966024175
890,3510,0.102993585174626
785,2915,0.142487046632124
474,2075,0.235047846889952
528,2373,0.204831932773109
630,2783,0.151898734177215
1590,5457,0.000457665903890181
1357,4772,0.0308981408745745
172,867,0.354519774011299
1330,4704,0.0430079155672823
1388,4875,0.02344152498712
108,445,0.383202099737533
196,1189,0.324847250509165
351,1712,0.257347670250896
367,1914,0.248888888888889
1303,4664,0.0355029585798816
1167,4134,0.0693606755126659
917,3776,0.0903375248180013
1313,4338,0.0460910151691949
1350,4924,0.0339281226438803
1460,4946,0.0232675771370764
1058,4270,0.0665891247455656
1131,4041,0.0731933292155652
1127,4104,0.0621175030599755
854,3223,0.109417741305197
1318,4676,0.0379273504273504
154,1042,0.357226792009401
1081,3691,0.0815834767641996
470,2131,0.209905660377358
734,3194,0.122670807453416
1251,4693,0.0325941757948169
868,3327,0.110692771084337
1035,4119,0.0751201923076923
1100,3922,0.0769477396601475
344,1254,0.334995014955135
1349,4685,0.0335210512201662
1449,4820,0.0186596583442838
1363,4696,0.0349054090061285
467,2327,0.180936995153473
1344,4789,0.0316174549255291
1169,4308,0.0547945205479452
1314,4834,0.0372367745249101
587,2364,0.193175853018373
576,2055,0.216232961586121
286,1505,0.264971287940935
656,2674,0.155714285714286
972,3851,0.079136690647482
1581,5454,0.00114416475972545
467,2220,0.207662409772349
1069,3670,0.0988451086956522
200,1025,0.362068965517241
133,543,0.459715639810427
1054,4052,0.0739717618170657
916,3416,0.112376055820786
1092,4294,0.057987822557263
1081,3748,0.0801487994589111
58,259,0.45414847161572
1056,4167,0.0707673932517169
122,705,0.367003367003367
154,983,0.390334572490706
308,1094,0.327464788732394
118,640,0.487666034155598
1121,4203,0.0664500886001181
950,3936,0.075796178343949
221,841,0.383561643835616
693,2738,0.145437702640111
382,1737,0.250530785562633
1004,3789,0.0859038142620232
1305,4825,0.0300673924313115
1238,4649,0.0402252614641995
1416,5043,0.0210187932739861
533,2002,0.233609166136219
891,3604,0.103718867280791
444,2067,0.227135069654755
330,1479,0.311241610738255
1293,4526,0.0468836183121898
1284,4743,0.0347917764891935
389,2371,0.185358255451713
286,1195,0.306364617044229
502,2044,0.223889931207004
333,1868,0.232236842105263
1187,4056,0.0736290819470117
1054,4293,0.0560093348891482
753,3587,0.10128338536247
358,1862,0.227152317880795
920,3546,0.101694915254237
896,3607,0.0933333333333334
869,3191,0.12588512981904
59,265,0.56578947368421
47,294,0.490706319702602
968,3663,0.0914089347079038
1375,4976,0.027006751687922
1372,4916,0.029359655783346
74,385,0.46319018404908
503,2194,0.207881210736722
326,1688,0.27645788336933
173,940,0.39440203562341
90,518,0.421633554083885
650,2928,0.147120638923918
936,3198,0.126909518213866
787,3190,0.135593220338983
626,3205,0.140754716981132
37,277,0.448412698412698
815,3393,0.117044623262619
1067,4018,0.0707605985037406
1202,4332,0.0594285714285714
192,979,0.396965865992415
1288,4347,0.0522517321016166
59,549,0.397894736842105
684,3254,0.11431870669746
42,155,0.522727272727273
546,2582,0.167630057803468
1584,5315,0.0051789077212806
902,3492,0.103582830791061
245,1122,0.339149400218102
657,2406,0.185165702261967
919,3748,0.0999017359973796
1406,4978,0.0264603095356964
713,2562,0.173464373464373
841,3151,0.133677112257041
1211,4360,0.0580165761646184
1501,5204,0.00986525505293556
242,1188,0.347280334728033
187,1040,0.38602520045819
836,3349,0.118083921277386
1031,4002,0.0734059097978227
1136,4258,0.0537918871252204
164,1000,0.372596153846154
1030,4136,0.0592705167173252
34,173,0.668789808917198
1077,3488,0.0968807339449541
1230,4434,0.0456090651558073
1172,4169,0.0600301659125189
1536,5288,0.0108362779740871
1036,3771,0.0818517276081852
470,2134,0.201866977829638
757,3306,0.128698224852071
1317,4639,0.0395693135935397
596,2071,0.214154972544234
123,664,0.449912126537786
1561,5403,0.00231267345050878
838,3692,0.0932032301480484
57,295,0.450757575757576
153,732,0.359190556492411
1084,4223,0.060219519430436
1537,5274,0.0141342756183745
131,959,0.355361596009975
466,2001,0.214110429447853
1196,4493,0.054851157662624
621,2573,0.195557701593433
709,2803,0.136404697380307
469,2184,0.217342968315731
521,2434,0.170321264660887
155,899,0.453424657534247
1162,4346,0.0567559781042927
1201,4332,0.0535455861070911
1099,3905,0.0771465461588121
215,1189,0.330188679245283
28,93,0.709302325581395
1407,4932,0.0238578680203045
568,2231,0.19345579793341
243,1128,0.322927879440258
306,1751,0.236414961185603
1148,4186,0.065914489311164
1292,4696,0.035171862509992
1123,4090,0.062190594059406
684,2692,0.16542404473439
58,315,0.429090909090909
1412,4956,0.022887323943662
1197,4460,0.0437605872388481
1227,4408,0.0521985815602837
1032,3775,0.085781041388518
1450,5063,0.019960571710202
48,279,0.604651162790698
1285,4397,0.0595171252105559
123,673,0.429590017825312
575,2449,0.165398274987316
1367,4818,0.0306175402179554
1131,3849,0.0825777202072538
73,700,0.442141623488774
986,3608,0.100863557858377
1167,4318,0.0585858585858586
309,1307,0.352884615384615
667,2349,0.19140010487677
50,234,0.51
342,1799,0.284429065743945
1124,4202,0.063931013975617
535,2594,0.171469740634006
60,278,0.5
565,2538,0.153691612255148
127,741,0.476027397260274
777,3592,0.10446735395189
1379,4688,0.034805890227577
1547,5192,0.0113198458574181
368,1765,0.247838616714697
1217,4193,0.0625931445603577
78,616,0.420856610800745
819,3460,0.107452966714906
44,463,0.485576923076923
536,2283,0.201525054466231
1579,5447,0.00137488542621444
913,3251,0.124567474048443
620,2735,0.165162454873646
